{
"type": "FeatureCollection",
"features": [
{ "type": "Feature", "properties": { "obj_type": "11-Residential Buildings", "name": "Unknown", "info": "997-Not Applicable", "damage_gra": "Destroyed", "det_method": "Photo-interpretation", "notation": "Building point", "or_src_id": 994, "dmg_src_id": 3, "cd_value": "Not Applicable" }, "geometry": { "type": "Point", "coordinates": [ -17.880920, 28.616569 ] } }
,
{ "type": "Feature", "properties": { "obj_type": "11-Residential Buildings", "name": "Casa Primavera", "info": "997-Not Applicable", "damage_gra": "Destroyed", "det_method": "Photo-interpretation", "notation": "Building point", "or_src_id": 994, "dmg_src_id": 3, "cd_value": "Not Applicable" }, "geometry": { "type": "Point", "coordinates": [ -17.874923, 28.617171 ] } }
,
{ "type": "Feature", "properties": { "obj_type": "11-Residential Buildings", "name": "Unknown", "info": "997-Not Applicable", "damage_gra": "Destroyed", "det_method": "Photo-interpretation", "notation": "Building point", "or_src_id": 994, "dmg_src_id": 3, "cd_value": "Not Applicable" }, "geometry": { "type": "Point", "coordinates": [ -17.875148, 28.617561 ] } }
,
{ "type": "Feature", "properties": { "obj_type": "11-Residential Buildings", "name": "Finca Momoye", "info": "997-Not Applicable", "damage_gra": "Destroyed", "det_method": "Photo-interpretation", "notation": "Building point", "or_src_id": 994, "dmg_src_id": 3, "cd_value": "Not Applicable" }, "geometry": { "type": "Point", "coordinates": [ -17.897477, 28.616814 ] } }
,
{ "type": "Feature", "properties": { "obj_type": "11-Residential Buildings", "name": "Casa Lagarto", "info": "997-Not Applicable", "damage_gra": "Possibly damaged", "det_method": "Photo-interpretation", "notation": "Building point", "or_src_id": 994, "dmg_src_id": 3, "cd_value": "Not Applicable" }, "geometry": { "type": "Point", "coordinates": [ -17.897786, 28.618831 ] } }
,
{ "type": "Feature", "properties": { "obj_type": "12-Non-residential Buildings", "name": "Unknown", "info": "1241-Communication buildings, stations, terminals and associated buildings", "damage_gra": "Destroyed", "det_method": "Photo-interpretation", "notation": "Building point", "or_src_id": 994, "dmg_src_id": 3, "cd_value": "Not Applicable" }, "geometry": { "type": "Point", "coordinates": [ -17.896083, 28.616217 ] } }
,
{ "type": "Feature", "properties": { "obj_type": "11-Residential Buildings", "name": "Unknown", "info": "997-Not Applicable", "damage_gra": "Destroyed", "det_method": "Photo-interpretation", "notation": "Building point", "or_src_id": 994, "dmg_src_id": 3, "cd_value": "Not Applicable" }, "geometry": { "type": "Point", "coordinates": [ -17.868534, 28.614380 ] } }
,
{ "type": "Feature", "properties": { "obj_type": "11-Residential Buildings", "name": "Unknown", "info": "997-Not Applicable", "damage_gra": "Destroyed", "det_method": "Photo-interpretation", "notation": "Building point", "or_src_id": 994, "dmg_src_id": 3, "cd_value": "Not Applicable" }, "geometry": { "type": "Point", "coordinates": [ -17.881060, 28.616589 ] } }
,
{ "type": "Feature", "properties": { "obj_type": "11-Residential Buildings", "name": "Unknown", "info": "997-Not Applicable", "damage_gra": "Destroyed", "det_method": "Photo-interpretation", "notation": "Building point", "or_src_id": 994, "dmg_src_id": 3, "cd_value": "Not Applicable" }, "geometry": { "type": "Point", "coordinates": [ -17.881734, 28.616571 ] } }
,
{ "type": "Feature", "properties": { "obj_type": "11-Residential Buildings", "name": "Unknown", "info": "997-Not Applicable", "damage_gra": "Destroyed", "det_method": "Photo-interpretation", "notation": "Building point", "or_src_id": 994, "dmg_src_id": 3, "cd_value": "Not Applicable" }, "geometry": { "type": "Point", "coordinates": [ -17.872913, 28.613142 ] } }
,
{ "type": "Feature", "properties": { "obj_type": "11-Residential Buildings", "name": "Unknown", "info": "997-Not Applicable", "damage_gra": "Possibly damaged", "det_method": "Photo-interpretation", "notation": "Building point", "or_src_id": 994, "dmg_src_id": 3, "cd_value": "Not Applicable" }, "geometry": { "type": "Point", "coordinates": [ -17.873358, 28.612791 ] } }
,
{ "type": "Feature", "properties": { "obj_type": "11-Residential Buildings", "name": "Unknown", "info": "997-Not Applicable", "damage_gra": "Possibly damaged", "det_method": "Photo-interpretation", "notation": "Building point", "or_src_id": 994, "dmg_src_id": 3, "cd_value": "Not Applicable" }, "geometry": { "type": "Point", "coordinates": [ -17.873763, 28.612900 ] } }
,
{ "type": "Feature", "properties": { "obj_type": "11-Residential Buildings", "name": "Unknown", "info": "997-Not Applicable", "damage_gra": "Destroyed", "det_method": "Photo-interpretation", "notation": "Building point", "or_src_id": 994, "dmg_src_id": 3, "cd_value": "Not Applicable" }, "geometry": { "type": "Point", "coordinates": [ -17.875176, 28.614331 ] } }
,
{ "type": "Feature", "properties": { "obj_type": "11-Residential Buildings", "name": "Unknown", "info": "997-Not Applicable", "damage_gra": "Destroyed", "det_method": "Photo-interpretation", "notation": "Building point", "or_src_id": 994, "dmg_src_id": 3, "cd_value": "Not Applicable" }, "geometry": { "type": "Point", "coordinates": [ -17.875790, 28.614500 ] } }
,
{ "type": "Feature", "properties": { "obj_type": "11-Residential Buildings", "name": "Unknown", "info": "997-Not Applicable", "damage_gra": "Destroyed", "det_method": "Photo-interpretation", "notation": "Building point", "or_src_id": 994, "dmg_src_id": 3, "cd_value": "Not Applicable" }, "geometry": { "type": "Point", "coordinates": [ -17.878612, 28.615184 ] } }
,
{ "type": "Feature", "properties": { "obj_type": "11-Residential Buildings", "name": "Unknown", "info": "997-Not Applicable", "damage_gra": "Destroyed", "det_method": "Photo-interpretation", "notation": "Building point", "or_src_id": 994, "dmg_src_id": 3, "cd_value": "Not Applicable" }, "geometry": { "type": "Point", "coordinates": [ -17.879426, 28.615865 ] } }
,
{ "type": "Feature", "properties": { "obj_type": "11-Residential Buildings", "name": "Unknown", "info": "997-Not Applicable", "damage_gra": "Destroyed", "det_method": "Photo-interpretation", "notation": "Building point", "or_src_id": 994, "dmg_src_id": 3, "cd_value": "Not Applicable" }, "geometry": { "type": "Point", "coordinates": [ -17.879391, 28.616420 ] } }
,
{ "type": "Feature", "properties": { "obj_type": "11-Residential Buildings", "name": "Unknown", "info": "997-Not Applicable", "damage_gra": "Destroyed", "det_method": "Photo-interpretation", "notation": "Building point", "or_src_id": 994, "dmg_src_id": 3, "cd_value": "Not Applicable" }, "geometry": { "type": "Point", "coordinates": [ -17.876844, 28.615752 ] } }
,
{ "type": "Feature", "properties": { "obj_type": "11-Residential Buildings", "name": "Unknown", "info": "997-Not Applicable", "damage_gra": "Destroyed", "det_method": "Photo-interpretation", "notation": "Building point", "or_src_id": 994, "dmg_src_id": 3, "cd_value": "Not Applicable" }, "geometry": { "type": "Point", "coordinates": [ -17.876719, 28.615732 ] } }
,
{ "type": "Feature", "properties": { "obj_type": "11-Residential Buildings", "name": "Unknown", "info": "997-Not Applicable", "damage_gra": "Destroyed", "det_method": "Photo-interpretation", "notation": "Building point", "or_src_id": 994, "dmg_src_id": 3, "cd_value": "Not Applicable" }, "geometry": { "type": "Point", "coordinates": [ -17.879786, 28.615299 ] } }
,
{ "type": "Feature", "properties": { "obj_type": "11-Residential Buildings", "name": "Unknown", "info": "997-Not Applicable", "damage_gra": "Destroyed", "det_method": "Photo-interpretation", "notation": "Building point", "or_src_id": 994, "dmg_src_id": 3, "cd_value": "Not Applicable" }, "geometry": { "type": "Point", "coordinates": [ -17.880050, 28.615076 ] } }
,
{ "type": "Feature", "properties": { "obj_type": "11-Residential Buildings", "name": "Unknown", "info": "997-Not Applicable", "damage_gra": "Destroyed", "det_method": "Photo-interpretation", "notation": "Building point", "or_src_id": 994, "dmg_src_id": 3, "cd_value": "Not Applicable" }, "geometry": { "type": "Point", "coordinates": [ -17.879400, 28.615153 ] } }
,
{ "type": "Feature", "properties": { "obj_type": "11-Residential Buildings", "name": "Unknown", "info": "997-Not Applicable", "damage_gra": "Destroyed", "det_method": "Photo-interpretation", "notation": "Building point", "or_src_id": 994, "dmg_src_id": 3, "cd_value": "Not Applicable" }, "geometry": { "type": "Point", "coordinates": [ -17.879526, 28.615111 ] } }
,
{ "type": "Feature", "properties": { "obj_type": "11-Residential Buildings", "name": "Unknown", "info": "997-Not Applicable", "damage_gra": "Destroyed", "det_method": "Photo-interpretation", "notation": "Building point", "or_src_id": 994, "dmg_src_id": 3, "cd_value": "Not Applicable" }, "geometry": { "type": "Point", "coordinates": [ -17.880435, 28.614966 ] } }
,
{ "type": "Feature", "properties": { "obj_type": "11-Residential Buildings", "name": "Unknown", "info": "997-Not Applicable", "damage_gra": "Destroyed", "det_method": "Photo-interpretation", "notation": "Building point", "or_src_id": 994, "dmg_src_id": 3, "cd_value": "Not Applicable" }, "geometry": { "type": "Point", "coordinates": [ -17.878082, 28.614289 ] } }
,
{ "type": "Feature", "properties": { "obj_type": "11-Residential Buildings", "name": "Unknown", "info": "997-Not Applicable", "damage_gra": "Destroyed", "det_method": "Photo-interpretation", "notation": "Building point", "or_src_id": 994, "dmg_src_id": 3, "cd_value": "Not Applicable" }, "geometry": { "type": "Point", "coordinates": [ -17.878137, 28.614156 ] } }
,
{ "type": "Feature", "properties": { "obj_type": "11-Residential Buildings", "name": "Unknown", "info": "997-Not Applicable", "damage_gra": "Destroyed", "det_method": "Photo-interpretation", "notation": "Building point", "or_src_id": 994, "dmg_src_id": 3, "cd_value": "Not Applicable" }, "geometry": { "type": "Point", "coordinates": [ -17.880881, 28.615662 ] } }
,
{ "type": "Feature", "properties": { "obj_type": "11-Residential Buildings", "name": "Unknown", "info": "997-Not Applicable", "damage_gra": "Destroyed", "det_method": "Photo-interpretation", "notation": "Building point", "or_src_id": 994, "dmg_src_id": 3, "cd_value": "Not Applicable" }, "geometry": { "type": "Point", "coordinates": [ -17.880801, 28.615995 ] } }
,
{ "type": "Feature", "properties": { "obj_type": "11-Residential Buildings", "name": "Unknown", "info": "997-Not Applicable", "damage_gra": "Destroyed", "det_method": "Photo-interpretation", "notation": "Building point", "or_src_id": 994, "dmg_src_id": 3, "cd_value": "Not Applicable" }, "geometry": { "type": "Point", "coordinates": [ -17.883500, 28.615759 ] } }
,
{ "type": "Feature", "properties": { "obj_type": "11-Residential Buildings", "name": "Unknown", "info": "997-Not Applicable", "damage_gra": "Destroyed", "det_method": "Photo-interpretation", "notation": "Building point", "or_src_id": 994, "dmg_src_id": 3, "cd_value": "Not Applicable" }, "geometry": { "type": "Point", "coordinates": [ -17.883358, 28.615715 ] } }
,
{ "type": "Feature", "properties": { "obj_type": "11-Residential Buildings", "name": "Unknown", "info": "997-Not Applicable", "damage_gra": "Possibly damaged", "det_method": "Photo-interpretation", "notation": "Building point", "or_src_id": 994, "dmg_src_id": 3, "cd_value": "Not Applicable" }, "geometry": { "type": "Point", "coordinates": [ -17.883297, 28.616277 ] } }
,
{ "type": "Feature", "properties": { "obj_type": "11-Residential Buildings", "name": "Unknown", "info": "997-Not Applicable", "damage_gra": "Destroyed", "det_method": "Photo-interpretation", "notation": "Building point", "or_src_id": 994, "dmg_src_id": 3, "cd_value": "Not Applicable" }, "geometry": { "type": "Point", "coordinates": [ -17.881042, 28.614991 ] } }
,
{ "type": "Feature", "properties": { "obj_type": "11-Residential Buildings", "name": "Unknown", "info": "997-Not Applicable", "damage_gra": "Possibly damaged", "det_method": "Photo-interpretation", "notation": "Building point", "or_src_id": 994, "dmg_src_id": 3, "cd_value": "Not Applicable" }, "geometry": { "type": "Point", "coordinates": [ -17.881361, 28.617092 ] } }
,
{ "type": "Feature", "properties": { "obj_type": "11-Residential Buildings", "name": "Unknown", "info": "997-Not Applicable", "damage_gra": "Possibly damaged", "det_method": "Photo-interpretation", "notation": "Building point", "or_src_id": 994, "dmg_src_id": 3, "cd_value": "Not Applicable" }, "geometry": { "type": "Point", "coordinates": [ -17.881224, 28.617093 ] } }
,
{ "type": "Feature", "properties": { "obj_type": "11-Residential Buildings", "name": "Unknown", "info": "997-Not Applicable", "damage_gra": "Possibly damaged", "det_method": "Photo-interpretation", "notation": "Building point", "or_src_id": 994, "dmg_src_id": 3, "cd_value": "Not Applicable" }, "geometry": { "type": "Point", "coordinates": [ -17.881090, 28.617120 ] } }
,
{ "type": "Feature", "properties": { "obj_type": "11-Residential Buildings", "name": "Unknown", "info": "997-Not Applicable", "damage_gra": "Destroyed", "det_method": "Photo-interpretation", "notation": "Building point", "or_src_id": 994, "dmg_src_id": 3, "cd_value": "Not Applicable" }, "geometry": { "type": "Point", "coordinates": [ -17.883336, 28.615914 ] } }
,
{ "type": "Feature", "properties": { "obj_type": "11-Residential Buildings", "name": "Unknown", "info": "997-Not Applicable", "damage_gra": "Possibly damaged", "det_method": "Photo-interpretation", "notation": "Building point", "or_src_id": 994, "dmg_src_id": 3, "cd_value": "Not Applicable" }, "geometry": { "type": "Point", "coordinates": [ -17.882665, 28.616818 ] } }
,
{ "type": "Feature", "properties": { "obj_type": "11-Residential Buildings", "name": "Unknown", "info": "997-Not Applicable", "damage_gra": "Destroyed", "det_method": "Photo-interpretation", "notation": "Building point", "or_src_id": 994, "dmg_src_id": 3, "cd_value": "Not Applicable" }, "geometry": { "type": "Point", "coordinates": [ -17.882460, 28.616787 ] } }
,
{ "type": "Feature", "properties": { "obj_type": "11-Residential Buildings", "name": "Unknown", "info": "997-Not Applicable", "damage_gra": "Destroyed", "det_method": "Photo-interpretation", "notation": "Building point", "or_src_id": 994, "dmg_src_id": 3, "cd_value": "Not Applicable" }, "geometry": { "type": "Point", "coordinates": [ -17.882634, 28.615934 ] } }
,
{ "type": "Feature", "properties": { "obj_type": "11-Residential Buildings", "name": "Unknown", "info": "997-Not Applicable", "damage_gra": "Destroyed", "det_method": "Photo-interpretation", "notation": "Building point", "or_src_id": 994, "dmg_src_id": 3, "cd_value": "Not Applicable" }, "geometry": { "type": "Point", "coordinates": [ -17.882596, 28.615981 ] } }
,
{ "type": "Feature", "properties": { "obj_type": "11-Residential Buildings", "name": "Unknown", "info": "997-Not Applicable", "damage_gra": "Destroyed", "det_method": "Photo-interpretation", "notation": "Building point", "or_src_id": 994, "dmg_src_id": 3, "cd_value": "Not Applicable" }, "geometry": { "type": "Point", "coordinates": [ -17.882648, 28.616083 ] } }
,
{ "type": "Feature", "properties": { "obj_type": "11-Residential Buildings", "name": "Unknown", "info": "997-Not Applicable", "damage_gra": "Destroyed", "det_method": "Photo-interpretation", "notation": "Building point", "or_src_id": 994, "dmg_src_id": 3, "cd_value": "Not Applicable" }, "geometry": { "type": "Point", "coordinates": [ -17.882700, 28.616218 ] } }
,
{ "type": "Feature", "properties": { "obj_type": "11-Residential Buildings", "name": "Unknown", "info": "997-Not Applicable", "damage_gra": "Destroyed", "det_method": "Photo-interpretation", "notation": "Building point", "or_src_id": 994, "dmg_src_id": 3, "cd_value": "Not Applicable" }, "geometry": { "type": "Point", "coordinates": [ -17.882804, 28.616233 ] } }
,
{ "type": "Feature", "properties": { "obj_type": "11-Residential Buildings", "name": "Unknown", "info": "997-Not Applicable", "damage_gra": "Possibly damaged", "det_method": "Photo-interpretation", "notation": "Building point", "or_src_id": 994, "dmg_src_id": 3, "cd_value": "Not Applicable" }, "geometry": { "type": "Point", "coordinates": [ -17.882908, 28.616341 ] } }
,
{ "type": "Feature", "properties": { "obj_type": "11-Residential Buildings", "name": "Unknown", "info": "997-Not Applicable", "damage_gra": "Destroyed", "det_method": "Photo-interpretation", "notation": "Building point", "or_src_id": 994, "dmg_src_id": 3, "cd_value": "Not Applicable" }, "geometry": { "type": "Point", "coordinates": [ -17.882989, 28.616246 ] } }
,
{ "type": "Feature", "properties": { "obj_type": "11-Residential Buildings", "name": "Unknown", "info": "997-Not Applicable", "damage_gra": "Destroyed", "det_method": "Photo-interpretation", "notation": "Building point", "or_src_id": 994, "dmg_src_id": 3, "cd_value": "Not Applicable" }, "geometry": { "type": "Point", "coordinates": [ -17.882902, 28.616209 ] } }
,
{ "type": "Feature", "properties": { "obj_type": "11-Residential Buildings", "name": "Unknown", "info": "997-Not Applicable", "damage_gra": "Destroyed", "det_method": "Photo-interpretation", "notation": "Building point", "or_src_id": 994, "dmg_src_id": 3, "cd_value": "Not Applicable" }, "geometry": { "type": "Point", "coordinates": [ -17.882461, 28.616035 ] } }
,
{ "type": "Feature", "properties": { "obj_type": "11-Residential Buildings", "name": "Unknown", "info": "997-Not Applicable", "damage_gra": "Destroyed", "det_method": "Photo-interpretation", "notation": "Building point", "or_src_id": 994, "dmg_src_id": 3, "cd_value": "Not Applicable" }, "geometry": { "type": "Point", "coordinates": [ -17.882390, 28.615890 ] } }
,
{ "type": "Feature", "properties": { "obj_type": "11-Residential Buildings", "name": "Unknown", "info": "997-Not Applicable", "damage_gra": "Destroyed", "det_method": "Photo-interpretation", "notation": "Building point", "or_src_id": 994, "dmg_src_id": 3, "cd_value": "Not Applicable" }, "geometry": { "type": "Point", "coordinates": [ -17.882153, 28.615942 ] } }
,
{ "type": "Feature", "properties": { "obj_type": "11-Residential Buildings", "name": "Unknown", "info": "997-Not Applicable", "damage_gra": "Destroyed", "det_method": "Photo-interpretation", "notation": "Building point", "or_src_id": 994, "dmg_src_id": 3, "cd_value": "Not Applicable" }, "geometry": { "type": "Point", "coordinates": [ -17.882250, 28.615629 ] } }
,
{ "type": "Feature", "properties": { "obj_type": "11-Residential Buildings", "name": "Unknown", "info": "997-Not Applicable", "damage_gra": "Destroyed", "det_method": "Photo-interpretation", "notation": "Building point", "or_src_id": 994, "dmg_src_id": 3, "cd_value": "Not Applicable" }, "geometry": { "type": "Point", "coordinates": [ -17.882684, 28.615505 ] } }
,
{ "type": "Feature", "properties": { "obj_type": "11-Residential Buildings", "name": "Unknown", "info": "997-Not Applicable", "damage_gra": "Destroyed", "det_method": "Photo-interpretation", "notation": "Building point", "or_src_id": 994, "dmg_src_id": 3, "cd_value": "Not Applicable" }, "geometry": { "type": "Point", "coordinates": [ -17.882800, 28.615502 ] } }
,
{ "type": "Feature", "properties": { "obj_type": "11-Residential Buildings", "name": "Unknown", "info": "997-Not Applicable", "damage_gra": "Destroyed", "det_method": "Photo-interpretation", "notation": "Building point", "or_src_id": 994, "dmg_src_id": 3, "cd_value": "Not Applicable" }, "geometry": { "type": "Point", "coordinates": [ -17.882876, 28.615429 ] } }
,
{ "type": "Feature", "properties": { "obj_type": "11-Residential Buildings", "name": "Unknown", "info": "997-Not Applicable", "damage_gra": "Destroyed", "det_method": "Photo-interpretation", "notation": "Building point", "or_src_id": 994, "dmg_src_id": 3, "cd_value": "Not Applicable" }, "geometry": { "type": "Point", "coordinates": [ -17.883075, 28.615518 ] } }
,
{ "type": "Feature", "properties": { "obj_type": "11-Residential Buildings", "name": "Unknown", "info": "997-Not Applicable", "damage_gra": "Destroyed", "det_method": "Photo-interpretation", "notation": "Building point", "or_src_id": 994, "dmg_src_id": 3, "cd_value": "Not Applicable" }, "geometry": { "type": "Point", "coordinates": [ -17.882977, 28.615328 ] } }
,
{ "type": "Feature", "properties": { "obj_type": "11-Residential Buildings", "name": "Unknown", "info": "997-Not Applicable", "damage_gra": "Destroyed", "det_method": "Photo-interpretation", "notation": "Building point", "or_src_id": 994, "dmg_src_id": 3, "cd_value": "Not Applicable" }, "geometry": { "type": "Point", "coordinates": [ -17.883082, 28.615773 ] } }
,
{ "type": "Feature", "properties": { "obj_type": "11-Residential Buildings", "name": "Unknown", "info": "997-Not Applicable", "damage_gra": "Destroyed", "det_method": "Photo-interpretation", "notation": "Building point", "or_src_id": 994, "dmg_src_id": 3, "cd_value": "Not Applicable" }, "geometry": { "type": "Point", "coordinates": [ -17.883181, 28.615729 ] } }
,
{ "type": "Feature", "properties": { "obj_type": "11-Residential Buildings", "name": "Unknown", "info": "997-Not Applicable", "damage_gra": "Possibly damaged", "det_method": "Photo-interpretation", "notation": "Building point", "or_src_id": 994, "dmg_src_id": 3, "cd_value": "Not Applicable" }, "geometry": { "type": "Point", "coordinates": [ -17.894889, 28.615094 ] } }
,
{ "type": "Feature", "properties": { "obj_type": "11-Residential Buildings", "name": "Unknown", "info": "997-Not Applicable", "damage_gra": "Destroyed", "det_method": "Photo-interpretation", "notation": "Building point", "or_src_id": 994, "dmg_src_id": 3, "cd_value": "Not Applicable" }, "geometry": { "type": "Point", "coordinates": [ -17.895412, 28.616475 ] } }
,
{ "type": "Feature", "properties": { "obj_type": "11-Residential Buildings", "name": "Unknown", "info": "997-Not Applicable", "damage_gra": "Destroyed", "det_method": "Photo-interpretation", "notation": "Building point", "or_src_id": 994, "dmg_src_id": 3, "cd_value": "Not Applicable" }, "geometry": { "type": "Point", "coordinates": [ -17.888869, 28.615418 ] } }
,
{ "type": "Feature", "properties": { "obj_type": "11-Residential Buildings", "name": "Unknown", "info": "997-Not Applicable", "damage_gra": "Destroyed", "det_method": "Photo-interpretation", "notation": "Building point", "or_src_id": 994, "dmg_src_id": 3, "cd_value": "Not Applicable" }, "geometry": { "type": "Point", "coordinates": [ -17.894739, 28.615474 ] } }
,
{ "type": "Feature", "properties": { "obj_type": "11-Residential Buildings", "name": "Unknown", "info": "997-Not Applicable", "damage_gra": "Destroyed", "det_method": "Photo-interpretation", "notation": "Building point", "or_src_id": 994, "dmg_src_id": 3, "cd_value": "Not Applicable" }, "geometry": { "type": "Point", "coordinates": [ -17.895827, 28.615972 ] } }
,
{ "type": "Feature", "properties": { "obj_type": "11-Residential Buildings", "name": "Unknown", "info": "997-Not Applicable", "damage_gra": "Possibly damaged", "det_method": "Photo-interpretation", "notation": "Building point", "or_src_id": 994, "dmg_src_id": 3, "cd_value": "Not Applicable" }, "geometry": { "type": "Point", "coordinates": [ -17.896173, 28.615810 ] } }
,
{ "type": "Feature", "properties": { "obj_type": "11-Residential Buildings", "name": "Unknown", "info": "997-Not Applicable", "damage_gra": "Possibly damaged", "det_method": "Photo-interpretation", "notation": "Building point", "or_src_id": 994, "dmg_src_id": 3, "cd_value": "Not Applicable" }, "geometry": { "type": "Point", "coordinates": [ -17.896344, 28.616267 ] } }
,
{ "type": "Feature", "properties": { "obj_type": "11-Residential Buildings", "name": "Unknown", "info": "997-Not Applicable", "damage_gra": "Destroyed", "det_method": "Photo-interpretation", "notation": "Building point", "or_src_id": 994, "dmg_src_id": 3, "cd_value": "Not Applicable" }, "geometry": { "type": "Point", "coordinates": [ -17.896472, 28.616808 ] } }
,
{ "type": "Feature", "properties": { "obj_type": "11-Residential Buildings", "name": "Unknown", "info": "997-Not Applicable", "damage_gra": "Destroyed", "det_method": "Photo-interpretation", "notation": "Building point", "or_src_id": 994, "dmg_src_id": 3, "cd_value": "Not Applicable" }, "geometry": { "type": "Point", "coordinates": [ -17.896666, 28.616862 ] } }
,
{ "type": "Feature", "properties": { "obj_type": "11-Residential Buildings", "name": "Unknown", "info": "997-Not Applicable", "damage_gra": "Destroyed", "det_method": "Photo-interpretation", "notation": "Building point", "or_src_id": 994, "dmg_src_id": 3, "cd_value": "Not Applicable" }, "geometry": { "type": "Point", "coordinates": [ -17.896550, 28.617544 ] } }
,
{ "type": "Feature", "properties": { "obj_type": "11-Residential Buildings", "name": "Unknown", "info": "997-Not Applicable", "damage_gra": "Destroyed", "det_method": "Photo-interpretation", "notation": "Building point", "or_src_id": 994, "dmg_src_id": 3, "cd_value": "Not Applicable" }, "geometry": { "type": "Point", "coordinates": [ -17.896873, 28.617465 ] } }
,
{ "type": "Feature", "properties": { "obj_type": "11-Residential Buildings", "name": "Unknown", "info": "997-Not Applicable", "damage_gra": "Destroyed", "det_method": "Photo-interpretation", "notation": "Building point", "or_src_id": 994, "dmg_src_id": 3, "cd_value": "Not Applicable" }, "geometry": { "type": "Point", "coordinates": [ -17.897510, 28.617211 ] } }
,
{ "type": "Feature", "properties": { "obj_type": "11-Residential Buildings", "name": "Unknown", "info": "997-Not Applicable", "damage_gra": "Possibly damaged", "det_method": "Photo-interpretation", "notation": "Building point", "or_src_id": 994, "dmg_src_id": 3, "cd_value": "Not Applicable" }, "geometry": { "type": "Point", "coordinates": [ -17.897601, 28.617849 ] } }
,
{ "type": "Feature", "properties": { "obj_type": "11-Residential Buildings", "name": "Unknown", "info": "997-Not Applicable", "damage_gra": "Destroyed", "det_method": "Photo-interpretation", "notation": "Building point", "or_src_id": 997, "dmg_src_id": 3, "cd_value": "Not Applicable" }, "geometry": { "type": "Point", "coordinates": [ -17.893456, 28.617394 ] } }
,
{ "type": "Feature", "properties": { "obj_type": "11-Residential Buildings", "name": "Unknown", "info": "997-Not Applicable", "damage_gra": "Destroyed", "det_method": "Photo-interpretation", "notation": "Building point", "or_src_id": 997, "dmg_src_id": 3, "cd_value": "Not Applicable" }, "geometry": { "type": "Point", "coordinates": [ -17.893597, 28.616970 ] } }
,
{ "type": "Feature", "properties": { "obj_type": "11-Residential Buildings", "name": "Unknown", "info": "997-Not Applicable", "damage_gra": "Destroyed", "det_method": "Photo-interpretation", "notation": "Building point", "or_src_id": 997, "dmg_src_id": 3, "cd_value": "Not Applicable" }, "geometry": { "type": "Point", "coordinates": [ -17.892545, 28.617398 ] } }
,
{ "type": "Feature", "properties": { "obj_type": "11-Residential Buildings", "name": "Unknown", "info": "997-Not Applicable", "damage_gra": "Destroyed", "det_method": "Photo-interpretation", "notation": "Building point", "or_src_id": 997, "dmg_src_id": 3, "cd_value": "Not Applicable" }, "geometry": { "type": "Point", "coordinates": [ -17.893356, 28.616203 ] } }
,
{ "type": "Feature", "properties": { "obj_type": "11-Residential Buildings", "name": "Unknown", "info": "997-Not Applicable", "damage_gra": "Destroyed", "det_method": "Photo-interpretation", "notation": "Building point", "or_src_id": 997, "dmg_src_id": 3, "cd_value": "Not Applicable" }, "geometry": { "type": "Point", "coordinates": [ -17.892625, 28.616577 ] } }
,
{ "type": "Feature", "properties": { "obj_type": "11-Residential Buildings", "name": "Unknown", "info": "997-Not Applicable", "damage_gra": "Destroyed", "det_method": "Photo-interpretation", "notation": "Building point", "or_src_id": 997, "dmg_src_id": 3, "cd_value": "Not Applicable" }, "geometry": { "type": "Point", "coordinates": [ -17.892646, 28.616485 ] } }
,
{ "type": "Feature", "properties": { "obj_type": "11-Residential Buildings", "name": "Unknown", "info": "997-Not Applicable", "damage_gra": "Destroyed", "det_method": "Photo-interpretation", "notation": "Building point", "or_src_id": 997, "dmg_src_id": 3, "cd_value": "Not Applicable" }, "geometry": { "type": "Point", "coordinates": [ -17.892756, 28.615755 ] } }
,
{ "type": "Feature", "properties": { "obj_type": "11-Residential Buildings", "name": "Unknown", "info": "997-Not Applicable", "damage_gra": "Possibly damaged", "det_method": "Photo-interpretation", "notation": "Building point", "or_src_id": 997, "dmg_src_id": 3, "cd_value": "Not Applicable" }, "geometry": { "type": "Point", "coordinates": [ -17.893239, 28.615658 ] } }
,
{ "type": "Feature", "properties": { "obj_type": "11-Residential Buildings", "name": "Unknown", "info": "997-Not Applicable", "damage_gra": "Destroyed", "det_method": "Photo-interpretation", "notation": "Building point", "or_src_id": 997, "dmg_src_id": 3, "cd_value": "Not Applicable" }, "geometry": { "type": "Point", "coordinates": [ -17.892102, 28.616444 ] } }
,
{ "type": "Feature", "properties": { "obj_type": "11-Residential Buildings", "name": "Unknown", "info": "997-Not Applicable", "damage_gra": "Destroyed", "det_method": "Photo-interpretation", "notation": "Building point", "or_src_id": 997, "dmg_src_id": 3, "cd_value": "Not Applicable" }, "geometry": { "type": "Point", "coordinates": [ -17.892139, 28.616590 ] } }
,
{ "type": "Feature", "properties": { "obj_type": "11-Residential Buildings", "name": "Unknown", "info": "997-Not Applicable", "damage_gra": "Destroyed", "det_method": "Photo-interpretation", "notation": "Building point", "or_src_id": 997, "dmg_src_id": 3, "cd_value": "Not Applicable" }, "geometry": { "type": "Point", "coordinates": [ -17.891961, 28.616153 ] } }
,
{ "type": "Feature", "properties": { "obj_type": "11-Residential Buildings", "name": "Unknown", "info": "997-Not Applicable", "damage_gra": "Destroyed", "det_method": "Photo-interpretation", "notation": "Building point", "or_src_id": 997, "dmg_src_id": 3, "cd_value": "Not Applicable" }, "geometry": { "type": "Point", "coordinates": [ -17.892415, 28.615721 ] } }
,
{ "type": "Feature", "properties": { "obj_type": "11-Residential Buildings", "name": "Unknown", "info": "997-Not Applicable", "damage_gra": "Destroyed", "det_method": "Photo-interpretation", "notation": "Building point", "or_src_id": 997, "dmg_src_id": 3, "cd_value": "Not Applicable" }, "geometry": { "type": "Point", "coordinates": [ -17.891546, 28.616817 ] } }
,
{ "type": "Feature", "properties": { "obj_type": "11-Residential Buildings", "name": "Unknown", "info": "997-Not Applicable", "damage_gra": "Destroyed", "det_method": "Photo-interpretation", "notation": "Building point", "or_src_id": 997, "dmg_src_id": 3, "cd_value": "Not Applicable" }, "geometry": { "type": "Point", "coordinates": [ -17.891712, 28.616531 ] } }
,
{ "type": "Feature", "properties": { "obj_type": "11-Residential Buildings", "name": "Unknown", "info": "997-Not Applicable", "damage_gra": "Destroyed", "det_method": "Photo-interpretation", "notation": "Building point", "or_src_id": 997, "dmg_src_id": 3, "cd_value": "Not Applicable" }, "geometry": { "type": "Point", "coordinates": [ -17.891607, 28.617187 ] } }
,
{ "type": "Feature", "properties": { "obj_type": "11-Residential Buildings", "name": "Unknown", "info": "997-Not Applicable", "damage_gra": "Destroyed", "det_method": "Photo-interpretation", "notation": "Building point", "or_src_id": 997, "dmg_src_id": 3, "cd_value": "Not Applicable" }, "geometry": { "type": "Point", "coordinates": [ -17.891484, 28.616203 ] } }
,
{ "type": "Feature", "properties": { "obj_type": "11-Residential Buildings", "name": "Unknown", "info": "997-Not Applicable", "damage_gra": "Destroyed", "det_method": "Photo-interpretation", "notation": "Building point", "or_src_id": 997, "dmg_src_id": 3, "cd_value": "Not Applicable" }, "geometry": { "type": "Point", "coordinates": [ -17.891595, 28.615886 ] } }
,
{ "type": "Feature", "properties": { "obj_type": "11-Residential Buildings", "name": "Unknown", "info": "997-Not Applicable", "damage_gra": "Destroyed", "det_method": "Photo-interpretation", "notation": "Building point", "or_src_id": 997, "dmg_src_id": 3, "cd_value": "Not Applicable" }, "geometry": { "type": "Point", "coordinates": [ -17.891095, 28.615978 ] } }
,
{ "type": "Feature", "properties": { "obj_type": "11-Residential Buildings", "name": "Unknown", "info": "997-Not Applicable", "damage_gra": "Destroyed", "det_method": "Photo-interpretation", "notation": "Building point", "or_src_id": 997, "dmg_src_id": 3, "cd_value": "Not Applicable" }, "geometry": { "type": "Point", "coordinates": [ -17.890623, 28.616716 ] } }
,
{ "type": "Feature", "properties": { "obj_type": "11-Residential Buildings", "name": "Unknown", "info": "997-Not Applicable", "damage_gra": "Destroyed", "det_method": "Photo-interpretation", "notation": "Building point", "or_src_id": 997, "dmg_src_id": 3, "cd_value": "Not Applicable" }, "geometry": { "type": "Point", "coordinates": [ -17.890540, 28.616304 ] } }
,
{ "type": "Feature", "properties": { "obj_type": "11-Residential Buildings", "name": "Unknown", "info": "997-Not Applicable", "damage_gra": "Destroyed", "det_method": "Photo-interpretation", "notation": "Building point", "or_src_id": 997, "dmg_src_id": 3, "cd_value": "Not Applicable" }, "geometry": { "type": "Point", "coordinates": [ -17.890030, 28.616593 ] } }
,
{ "type": "Feature", "properties": { "obj_type": "11-Residential Buildings", "name": "Unknown", "info": "997-Not Applicable", "damage_gra": "Destroyed", "det_method": "Photo-interpretation", "notation": "Building point", "or_src_id": 997, "dmg_src_id": 3, "cd_value": "Not Applicable" }, "geometry": { "type": "Point", "coordinates": [ -17.890014, 28.616422 ] } }
,
{ "type": "Feature", "properties": { "obj_type": "11-Residential Buildings", "name": "Unknown", "info": "997-Not Applicable", "damage_gra": "Destroyed", "det_method": "Photo-interpretation", "notation": "Building point", "or_src_id": 997, "dmg_src_id": 3, "cd_value": "Not Applicable" }, "geometry": { "type": "Point", "coordinates": [ -17.889963, 28.616253 ] } }
,
{ "type": "Feature", "properties": { "obj_type": "11-Residential Buildings", "name": "Unknown", "info": "997-Not Applicable", "damage_gra": "Destroyed", "det_method": "Photo-interpretation", "notation": "Building point", "or_src_id": 997, "dmg_src_id": 3, "cd_value": "Not Applicable" }, "geometry": { "type": "Point", "coordinates": [ -17.890343, 28.615849 ] } }
,
{ "type": "Feature", "properties": { "obj_type": "11-Residential Buildings", "name": "Unknown", "info": "997-Not Applicable", "damage_gra": "Destroyed", "det_method": "Photo-interpretation", "notation": "Building point", "or_src_id": 997, "dmg_src_id": 3, "cd_value": "Not Applicable" }, "geometry": { "type": "Point", "coordinates": [ -17.890530, 28.615734 ] } }
,
{ "type": "Feature", "properties": { "obj_type": "11-Residential Buildings", "name": "Unknown", "info": "997-Not Applicable", "damage_gra": "Destroyed", "det_method": "Photo-interpretation", "notation": "Building point", "or_src_id": 997, "dmg_src_id": 3, "cd_value": "Not Applicable" }, "geometry": { "type": "Point", "coordinates": [ -17.890594, 28.615420 ] } }
,
{ "type": "Feature", "properties": { "obj_type": "11-Residential Buildings", "name": "Unknown", "info": "997-Not Applicable", "damage_gra": "Destroyed", "det_method": "Photo-interpretation", "notation": "Building point", "or_src_id": 997, "dmg_src_id": 3, "cd_value": "Not Applicable" }, "geometry": { "type": "Point", "coordinates": [ -17.889659, 28.615750 ] } }
,
{ "type": "Feature", "properties": { "obj_type": "11-Residential Buildings", "name": "Unknown", "info": "997-Not Applicable", "damage_gra": "Destroyed", "det_method": "Photo-interpretation", "notation": "Building point", "or_src_id": 997, "dmg_src_id": 3, "cd_value": "Not Applicable" }, "geometry": { "type": "Point", "coordinates": [ -17.893486, 28.618371 ] } }
,
{ "type": "Feature", "properties": { "obj_type": "11-Residential Buildings", "name": "Unknown", "info": "997-Not Applicable", "damage_gra": "Destroyed", "det_method": "Photo-interpretation", "notation": "Building point", "or_src_id": 997, "dmg_src_id": 3, "cd_value": "Not Applicable" }, "geometry": { "type": "Point", "coordinates": [ -17.892994, 28.618826 ] } }
,
{ "type": "Feature", "properties": { "obj_type": "11-Residential Buildings", "name": "Unknown", "info": "997-Not Applicable", "damage_gra": "Destroyed", "det_method": "Photo-interpretation", "notation": "Building point", "or_src_id": 997, "dmg_src_id": 3, "cd_value": "Not Applicable" }, "geometry": { "type": "Point", "coordinates": [ -17.892849, 28.618851 ] } }
,
{ "type": "Feature", "properties": { "obj_type": "11-Residential Buildings", "name": "Unknown", "info": "997-Not Applicable", "damage_gra": "Destroyed", "det_method": "Photo-interpretation", "notation": "Building point", "or_src_id": 997, "dmg_src_id": 3, "cd_value": "Not Applicable" }, "geometry": { "type": "Point", "coordinates": [ -17.893101, 28.619431 ] } }
,
{ "type": "Feature", "properties": { "obj_type": "11-Residential Buildings", "name": "Unknown", "info": "997-Not Applicable", "damage_gra": "Destroyed", "det_method": "Photo-interpretation", "notation": "Building point", "or_src_id": 997, "dmg_src_id": 3, "cd_value": "Not Applicable" }, "geometry": { "type": "Point", "coordinates": [ -17.892550, 28.619342 ] } }
,
{ "type": "Feature", "properties": { "obj_type": "11-Residential Buildings", "name": "Unknown", "info": "997-Not Applicable", "damage_gra": "Destroyed", "det_method": "Photo-interpretation", "notation": "Building point", "or_src_id": 997, "dmg_src_id": 3, "cd_value": "Not Applicable" }, "geometry": { "type": "Point", "coordinates": [ -17.893646, 28.619687 ] } }
,
{ "type": "Feature", "properties": { "obj_type": "11-Residential Buildings", "name": "Unknown", "info": "997-Not Applicable", "damage_gra": "Destroyed", "det_method": "Photo-interpretation", "notation": "Building point", "or_src_id": 997, "dmg_src_id": 3, "cd_value": "Not Applicable" }, "geometry": { "type": "Point", "coordinates": [ -17.895274, 28.619660 ] } }
,
{ "type": "Feature", "properties": { "obj_type": "11-Residential Buildings", "name": "Unknown", "info": "997-Not Applicable", "damage_gra": "Destroyed", "det_method": "Photo-interpretation", "notation": "Building point", "or_src_id": 997, "dmg_src_id": 3, "cd_value": "Not Applicable" }, "geometry": { "type": "Point", "coordinates": [ -17.895353, 28.619940 ] } }
,
{ "type": "Feature", "properties": { "obj_type": "11-Residential Buildings", "name": "Unknown", "info": "997-Not Applicable", "damage_gra": "Destroyed", "det_method": "Photo-interpretation", "notation": "Building point", "or_src_id": 997, "dmg_src_id": 3, "cd_value": "Not Applicable" }, "geometry": { "type": "Point", "coordinates": [ -17.895647, 28.619753 ] } }
,
{ "type": "Feature", "properties": { "obj_type": "11-Residential Buildings", "name": "Unknown", "info": "997-Not Applicable", "damage_gra": "Destroyed", "det_method": "Photo-interpretation", "notation": "Building point", "or_src_id": 997, "dmg_src_id": 3, "cd_value": "Not Applicable" }, "geometry": { "type": "Point", "coordinates": [ -17.895704, 28.619944 ] } }
,
{ "type": "Feature", "properties": { "obj_type": "11-Residential Buildings", "name": "Unknown", "info": "997-Not Applicable", "damage_gra": "Possibly damaged", "det_method": "Photo-interpretation", "notation": "Building point", "or_src_id": 997, "dmg_src_id": 3, "cd_value": "Not Applicable" }, "geometry": { "type": "Point", "coordinates": [ -17.895890, 28.619977 ] } }
,
{ "type": "Feature", "properties": { "obj_type": "11-Residential Buildings", "name": "Unknown", "info": "997-Not Applicable", "damage_gra": "Possibly damaged", "det_method": "Photo-interpretation", "notation": "Building point", "or_src_id": 997, "dmg_src_id": 3, "cd_value": "Not Applicable" }, "geometry": { "type": "Point", "coordinates": [ -17.896183, 28.619700 ] } }
,
{ "type": "Feature", "properties": { "obj_type": "11-Residential Buildings", "name": "Unknown", "info": "997-Not Applicable", "damage_gra": "Destroyed", "det_method": "Photo-interpretation", "notation": "Building point", "or_src_id": 997, "dmg_src_id": 3, "cd_value": "Not Applicable" }, "geometry": { "type": "Point", "coordinates": [ -17.895810, 28.619559 ] } }
,
{ "type": "Feature", "properties": { "obj_type": "11-Residential Buildings", "name": "Unknown", "info": "997-Not Applicable", "damage_gra": "Destroyed", "det_method": "Photo-interpretation", "notation": "Building point", "or_src_id": 997, "dmg_src_id": 3, "cd_value": "Not Applicable" }, "geometry": { "type": "Point", "coordinates": [ -17.895738, 28.619441 ] } }
,
{ "type": "Feature", "properties": { "obj_type": "11-Residential Buildings", "name": "Unknown", "info": "997-Not Applicable", "damage_gra": "Destroyed", "det_method": "Photo-interpretation", "notation": "Building point", "or_src_id": 997, "dmg_src_id": 3, "cd_value": "Not Applicable" }, "geometry": { "type": "Point", "coordinates": [ -17.895143, 28.618380 ] } }
,
{ "type": "Feature", "properties": { "obj_type": "11-Residential Buildings", "name": "Unknown", "info": "997-Not Applicable", "damage_gra": "Destroyed", "det_method": "Photo-interpretation", "notation": "Building point", "or_src_id": 997, "dmg_src_id": 3, "cd_value": "Not Applicable" }, "geometry": { "type": "Point", "coordinates": [ -17.895955, 28.618347 ] } }
,
{ "type": "Feature", "properties": { "obj_type": "11-Residential Buildings", "name": "Unknown", "info": "997-Not Applicable", "damage_gra": "Destroyed", "det_method": "Photo-interpretation", "notation": "Building point", "or_src_id": 997, "dmg_src_id": 3, "cd_value": "Not Applicable" }, "geometry": { "type": "Point", "coordinates": [ -17.896475, 28.618314 ] } }
,
{ "type": "Feature", "properties": { "obj_type": "11-Residential Buildings", "name": "Unknown", "info": "997-Not Applicable", "damage_gra": "Destroyed", "det_method": "Photo-interpretation", "notation": "Building point", "or_src_id": 997, "dmg_src_id": 3, "cd_value": "Not Applicable" }, "geometry": { "type": "Point", "coordinates": [ -17.892005, 28.618599 ] } }
,
{ "type": "Feature", "properties": { "obj_type": "11-Residential Buildings", "name": "Unknown", "info": "997-Not Applicable", "damage_gra": "Destroyed", "det_method": "Photo-interpretation", "notation": "Building point", "or_src_id": 997, "dmg_src_id": 3, "cd_value": "Not Applicable" }, "geometry": { "type": "Point", "coordinates": [ -17.891617, 28.618365 ] } }
,
{ "type": "Feature", "properties": { "obj_type": "11-Residential Buildings", "name": "Unknown", "info": "997-Not Applicable", "damage_gra": "Destroyed", "det_method": "Photo-interpretation", "notation": "Building point", "or_src_id": 997, "dmg_src_id": 3, "cd_value": "Not Applicable" }, "geometry": { "type": "Point", "coordinates": [ -17.891616, 28.618144 ] } }
,
{ "type": "Feature", "properties": { "obj_type": "11-Residential Buildings", "name": "Unknown", "info": "997-Not Applicable", "damage_gra": "Destroyed", "det_method": "Photo-interpretation", "notation": "Building point", "or_src_id": 997, "dmg_src_id": 3, "cd_value": "Not Applicable" }, "geometry": { "type": "Point", "coordinates": [ -17.891616, 28.617933 ] } }
,
{ "type": "Feature", "properties": { "obj_type": "11-Residential Buildings", "name": "Unknown", "info": "997-Not Applicable", "damage_gra": "Destroyed", "det_method": "Photo-interpretation", "notation": "Building point", "or_src_id": 997, "dmg_src_id": 3, "cd_value": "Not Applicable" }, "geometry": { "type": "Point", "coordinates": [ -17.891921, 28.618345 ] } }
,
{ "type": "Feature", "properties": { "obj_type": "11-Residential Buildings", "name": "Unknown", "info": "997-Not Applicable", "damage_gra": "Destroyed", "det_method": "Photo-interpretation", "notation": "Building point", "or_src_id": 997, "dmg_src_id": 3, "cd_value": "Not Applicable" }, "geometry": { "type": "Point", "coordinates": [ -17.890551, 28.618140 ] } }
,
{ "type": "Feature", "properties": { "obj_type": "11-Residential Buildings", "name": "Unknown", "info": "997-Not Applicable", "damage_gra": "Destroyed", "det_method": "Photo-interpretation", "notation": "Building point", "or_src_id": 997, "dmg_src_id": 3, "cd_value": "Not Applicable" }, "geometry": { "type": "Point", "coordinates": [ -17.890093, 28.617926 ] } }
,
{ "type": "Feature", "properties": { "obj_type": "11-Residential Buildings", "name": "Unknown", "info": "997-Not Applicable", "damage_gra": "Destroyed", "det_method": "Photo-interpretation", "notation": "Building point", "or_src_id": 997, "dmg_src_id": 3, "cd_value": "Not Applicable" }, "geometry": { "type": "Point", "coordinates": [ -17.889729, 28.617531 ] } }
,
{ "type": "Feature", "properties": { "obj_type": "11-Residential Buildings", "name": "Unknown", "info": "997-Not Applicable", "damage_gra": "Destroyed", "det_method": "Photo-interpretation", "notation": "Building point", "or_src_id": 997, "dmg_src_id": 3, "cd_value": "Not Applicable" }, "geometry": { "type": "Point", "coordinates": [ -17.889657, 28.617767 ] } }
,
{ "type": "Feature", "properties": { "obj_type": "11-Residential Buildings", "name": "Unknown", "info": "997-Not Applicable", "damage_gra": "Destroyed", "det_method": "Photo-interpretation", "notation": "Building point", "or_src_id": 997, "dmg_src_id": 3, "cd_value": "Not Applicable" }, "geometry": { "type": "Point", "coordinates": [ -17.889243, 28.617478 ] } }
,
{ "type": "Feature", "properties": { "obj_type": "11-Residential Buildings", "name": "Unknown", "info": "997-Not Applicable", "damage_gra": "Destroyed", "det_method": "Photo-interpretation", "notation": "Building point", "or_src_id": 997, "dmg_src_id": 3, "cd_value": "Not Applicable" }, "geometry": { "type": "Point", "coordinates": [ -17.889100, 28.616935 ] } }
,
{ "type": "Feature", "properties": { "obj_type": "11-Residential Buildings", "name": "Unknown", "info": "997-Not Applicable", "damage_gra": "Destroyed", "det_method": "Photo-interpretation", "notation": "Building point", "or_src_id": 997, "dmg_src_id": 3, "cd_value": "Not Applicable" }, "geometry": { "type": "Point", "coordinates": [ -17.888709, 28.615981 ] } }
,
{ "type": "Feature", "properties": { "obj_type": "11-Residential Buildings", "name": "Unknown", "info": "997-Not Applicable", "damage_gra": "Destroyed", "det_method": "Photo-interpretation", "notation": "Building point", "or_src_id": 997, "dmg_src_id": 3, "cd_value": "Not Applicable" }, "geometry": { "type": "Point", "coordinates": [ -17.888469, 28.616132 ] } }
,
{ "type": "Feature", "properties": { "obj_type": "11-Residential Buildings", "name": "Unknown", "info": "997-Not Applicable", "damage_gra": "Destroyed", "det_method": "Photo-interpretation", "notation": "Building point", "or_src_id": 997, "dmg_src_id": 3, "cd_value": "Not Applicable" }, "geometry": { "type": "Point", "coordinates": [ -17.888260, 28.615838 ] } }
,
{ "type": "Feature", "properties": { "obj_type": "11-Residential Buildings", "name": "Unknown", "info": "997-Not Applicable", "damage_gra": "Destroyed", "det_method": "Photo-interpretation", "notation": "Building point", "or_src_id": 997, "dmg_src_id": 3, "cd_value": "Not Applicable" }, "geometry": { "type": "Point", "coordinates": [ -17.888068, 28.616237 ] } }
,
{ "type": "Feature", "properties": { "obj_type": "11-Residential Buildings", "name": "Unknown", "info": "997-Not Applicable", "damage_gra": "Destroyed", "det_method": "Photo-interpretation", "notation": "Building point", "or_src_id": 997, "dmg_src_id": 3, "cd_value": "Not Applicable" }, "geometry": { "type": "Point", "coordinates": [ -17.888711, 28.616405 ] } }
,
{ "type": "Feature", "properties": { "obj_type": "11-Residential Buildings", "name": "Unknown", "info": "997-Not Applicable", "damage_gra": "Destroyed", "det_method": "Photo-interpretation", "notation": "Building point", "or_src_id": 997, "dmg_src_id": 3, "cd_value": "Not Applicable" }, "geometry": { "type": "Point", "coordinates": [ -17.889011, 28.616303 ] } }
,
{ "type": "Feature", "properties": { "obj_type": "11-Residential Buildings", "name": "Unknown", "info": "997-Not Applicable", "damage_gra": "Destroyed", "det_method": "Photo-interpretation", "notation": "Building point", "or_src_id": 997, "dmg_src_id": 3, "cd_value": "Not Applicable" }, "geometry": { "type": "Point", "coordinates": [ -17.889102, 28.616425 ] } }
,
{ "type": "Feature", "properties": { "obj_type": "11-Residential Buildings", "name": "Unknown", "info": "997-Not Applicable", "damage_gra": "Destroyed", "det_method": "Photo-interpretation", "notation": "Building point", "or_src_id": 997, "dmg_src_id": 3, "cd_value": "Not Applicable" }, "geometry": { "type": "Point", "coordinates": [ -17.889103, 28.616556 ] } }
,
{ "type": "Feature", "properties": { "obj_type": "11-Residential Buildings", "name": "Unknown", "info": "997-Not Applicable", "damage_gra": "Destroyed", "det_method": "Photo-interpretation", "notation": "Building point", "or_src_id": 997, "dmg_src_id": 3, "cd_value": "Not Applicable" }, "geometry": { "type": "Point", "coordinates": [ -17.888105, 28.615537 ] } }
,
{ "type": "Feature", "properties": { "obj_type": "11-Residential Buildings", "name": "Unknown", "info": "997-Not Applicable", "damage_gra": "Destroyed", "det_method": "Photo-interpretation", "notation": "Building point", "or_src_id": 997, "dmg_src_id": 3, "cd_value": "Not Applicable" }, "geometry": { "type": "Point", "coordinates": [ -17.887869, 28.615680 ] } }
,
{ "type": "Feature", "properties": { "obj_type": "11-Residential Buildings", "name": "Unknown", "info": "997-Not Applicable", "damage_gra": "Destroyed", "det_method": "Photo-interpretation", "notation": "Building point", "or_src_id": 997, "dmg_src_id": 3, "cd_value": "Not Applicable" }, "geometry": { "type": "Point", "coordinates": [ -17.887863, 28.615783 ] } }
,
{ "type": "Feature", "properties": { "obj_type": "11-Residential Buildings", "name": "Unknown", "info": "997-Not Applicable", "damage_gra": "Destroyed", "det_method": "Photo-interpretation", "notation": "Building point", "or_src_id": 997, "dmg_src_id": 3, "cd_value": "Not Applicable" }, "geometry": { "type": "Point", "coordinates": [ -17.889239, 28.616480 ] } }
,
{ "type": "Feature", "properties": { "obj_type": "11-Residential Buildings", "name": "Unknown", "info": "997-Not Applicable", "damage_gra": "Destroyed", "det_method": "Photo-interpretation", "notation": "Building point", "or_src_id": 997, "dmg_src_id": 3, "cd_value": "Not Applicable" }, "geometry": { "type": "Point", "coordinates": [ -17.886831, 28.615710 ] } }
,
{ "type": "Feature", "properties": { "obj_type": "11-Residential Buildings", "name": "Unknown", "info": "997-Not Applicable", "damage_gra": "Possibly damaged", "det_method": "Photo-interpretation", "notation": "Building point", "or_src_id": 997, "dmg_src_id": 3, "cd_value": "Not Applicable" }, "geometry": { "type": "Point", "coordinates": [ -17.887130, 28.615645 ] } }
,
{ "type": "Feature", "properties": { "obj_type": "11-Residential Buildings", "name": "Unknown", "info": "997-Not Applicable", "damage_gra": "Possibly damaged", "det_method": "Photo-interpretation", "notation": "Building point", "or_src_id": 997, "dmg_src_id": 3, "cd_value": "Not Applicable" }, "geometry": { "type": "Point", "coordinates": [ -17.885957, 28.615561 ] } }
,
{ "type": "Feature", "properties": { "obj_type": "11-Residential Buildings", "name": "Unknown", "info": "997-Not Applicable", "damage_gra": "Destroyed", "det_method": "Photo-interpretation", "notation": "Building point", "or_src_id": 997, "dmg_src_id": 3, "cd_value": "Not Applicable" }, "geometry": { "type": "Point", "coordinates": [ -17.886652, 28.615376 ] } }
,
{ "type": "Feature", "properties": { "obj_type": "11-Residential Buildings", "name": "Unknown", "info": "997-Not Applicable", "damage_gra": "Destroyed", "det_method": "Photo-interpretation", "notation": "Building point", "or_src_id": 997, "dmg_src_id": 3, "cd_value": "Not Applicable" }, "geometry": { "type": "Point", "coordinates": [ -17.886721, 28.615172 ] } }
,
{ "type": "Feature", "properties": { "obj_type": "11-Residential Buildings", "name": "Unknown", "info": "997-Not Applicable", "damage_gra": "Destroyed", "det_method": "Photo-interpretation", "notation": "Building point", "or_src_id": 997, "dmg_src_id": 3, "cd_value": "Not Applicable" }, "geometry": { "type": "Point", "coordinates": [ -17.886907, 28.614871 ] } }
,
{ "type": "Feature", "properties": { "obj_type": "11-Residential Buildings", "name": "Unknown", "info": "997-Not Applicable", "damage_gra": "Destroyed", "det_method": "Photo-interpretation", "notation": "Building point", "or_src_id": 997, "dmg_src_id": 3, "cd_value": "Not Applicable" }, "geometry": { "type": "Point", "coordinates": [ -17.887390, 28.615019 ] } }
,
{ "type": "Feature", "properties": { "obj_type": "11-Residential Buildings", "name": "Unknown", "info": "997-Not Applicable", "damage_gra": "Destroyed", "det_method": "Photo-interpretation", "notation": "Building point", "or_src_id": 997, "dmg_src_id": 3, "cd_value": "Not Applicable" }, "geometry": { "type": "Point", "coordinates": [ -17.888043, 28.614902 ] } }
,
{ "type": "Feature", "properties": { "obj_type": "11-Residential Buildings", "name": "Unknown", "info": "997-Not Applicable", "damage_gra": "Destroyed", "det_method": "Photo-interpretation", "notation": "Building point", "or_src_id": 997, "dmg_src_id": 3, "cd_value": "Not Applicable" }, "geometry": { "type": "Point", "coordinates": [ -17.886561, 28.615038 ] } }
,
{ "type": "Feature", "properties": { "obj_type": "11-Residential Buildings", "name": "Unknown", "info": "997-Not Applicable", "damage_gra": "Destroyed", "det_method": "Photo-interpretation", "notation": "Building point", "or_src_id": 997, "dmg_src_id": 3, "cd_value": "Not Applicable" }, "geometry": { "type": "Point", "coordinates": [ -17.886469, 28.615288 ] } }
,
{ "type": "Feature", "properties": { "obj_type": "11-Residential Buildings", "name": "Unknown", "info": "997-Not Applicable", "damage_gra": "Destroyed", "det_method": "Photo-interpretation", "notation": "Building point", "or_src_id": 997, "dmg_src_id": 3, "cd_value": "Not Applicable" }, "geometry": { "type": "Point", "coordinates": [ -17.886210, 28.615510 ] } }
,
{ "type": "Feature", "properties": { "obj_type": "11-Residential Buildings", "name": "Unknown", "info": "997-Not Applicable", "damage_gra": "Destroyed", "det_method": "Photo-interpretation", "notation": "Building point", "or_src_id": 997, "dmg_src_id": 3, "cd_value": "Not Applicable" }, "geometry": { "type": "Point", "coordinates": [ -17.885523, 28.615141 ] } }
,
{ "type": "Feature", "properties": { "obj_type": "11-Residential Buildings", "name": "Unknown", "info": "997-Not Applicable", "damage_gra": "Destroyed", "det_method": "Photo-interpretation", "notation": "Building point", "or_src_id": 997, "dmg_src_id": 3, "cd_value": "Not Applicable" }, "geometry": { "type": "Point", "coordinates": [ -17.882934, 28.615713 ] } }
,
{ "type": "Feature", "properties": { "obj_type": "11-Residential Buildings", "name": "Unknown", "info": "997-Not Applicable", "damage_gra": "Destroyed", "det_method": "Photo-interpretation", "notation": "Building point", "or_src_id": 997, "dmg_src_id": 3, "cd_value": "Not Applicable" }, "geometry": { "type": "Point", "coordinates": [ -17.883435, 28.615457 ] } }
,
{ "type": "Feature", "properties": { "obj_type": "11-Residential Buildings", "name": "Unknown", "info": "997-Not Applicable", "damage_gra": "Destroyed", "det_method": "Photo-interpretation", "notation": "Building point", "or_src_id": 997, "dmg_src_id": 3, "cd_value": "Not Applicable" }, "geometry": { "type": "Point", "coordinates": [ -17.883784, 28.614841 ] } }
,
{ "type": "Feature", "properties": { "obj_type": "11-Residential Buildings", "name": "Unknown", "info": "997-Not Applicable", "damage_gra": "Destroyed", "det_method": "Photo-interpretation", "notation": "Building point", "or_src_id": 997, "dmg_src_id": 3, "cd_value": "Not Applicable" }, "geometry": { "type": "Point", "coordinates": [ -17.883210, 28.614819 ] } }
,
{ "type": "Feature", "properties": { "obj_type": "11-Residential Buildings", "name": "Unknown", "info": "997-Not Applicable", "damage_gra": "Destroyed", "det_method": "Photo-interpretation", "notation": "Building point", "or_src_id": 997, "dmg_src_id": 3, "cd_value": "Not Applicable" }, "geometry": { "type": "Point", "coordinates": [ -17.882758, 28.614512 ] } }
,
{ "type": "Feature", "properties": { "obj_type": "11-Residential Buildings", "name": "Unknown", "info": "997-Not Applicable", "damage_gra": "Destroyed", "det_method": "Photo-interpretation", "notation": "Building point", "or_src_id": 997, "dmg_src_id": 3, "cd_value": "Not Applicable" }, "geometry": { "type": "Point", "coordinates": [ -17.883069, 28.614833 ] } }
,
{ "type": "Feature", "properties": { "obj_type": "11-Residential Buildings", "name": "Unknown", "info": "997-Not Applicable", "damage_gra": "Destroyed", "det_method": "Photo-interpretation", "notation": "Building point", "or_src_id": 997, "dmg_src_id": 3, "cd_value": "Not Applicable" }, "geometry": { "type": "Point", "coordinates": [ -17.883233, 28.615242 ] } }
,
{ "type": "Feature", "properties": { "obj_type": "11-Residential Buildings", "name": "Unknown", "info": "997-Not Applicable", "damage_gra": "Destroyed", "det_method": "Photo-interpretation", "notation": "Building point", "or_src_id": 997, "dmg_src_id": 3, "cd_value": "Not Applicable" }, "geometry": { "type": "Point", "coordinates": [ -17.881682, 28.615188 ] } }
,
{ "type": "Feature", "properties": { "obj_type": "11-Residential Buildings", "name": "Unknown", "info": "997-Not Applicable", "damage_gra": "Destroyed", "det_method": "Photo-interpretation", "notation": "Building point", "or_src_id": 997, "dmg_src_id": 3, "cd_value": "Not Applicable" }, "geometry": { "type": "Point", "coordinates": [ -17.881628, 28.615057 ] } }
,
{ "type": "Feature", "properties": { "obj_type": "11-Residential Buildings", "name": "Unknown", "info": "997-Not Applicable", "damage_gra": "Destroyed", "det_method": "Photo-interpretation", "notation": "Building point", "or_src_id": 997, "dmg_src_id": 3, "cd_value": "Not Applicable" }, "geometry": { "type": "Point", "coordinates": [ -17.881729, 28.614712 ] } }
,
{ "type": "Feature", "properties": { "obj_type": "11-Residential Buildings", "name": "Unknown", "info": "997-Not Applicable", "damage_gra": "Destroyed", "det_method": "Photo-interpretation", "notation": "Building point", "or_src_id": 997, "dmg_src_id": 3, "cd_value": "Not Applicable" }, "geometry": { "type": "Point", "coordinates": [ -17.883279, 28.614891 ] } }
,
{ "type": "Feature", "properties": { "obj_type": "11-Residential Buildings", "name": "Unknown", "info": "997-Not Applicable", "damage_gra": "Destroyed", "det_method": "Photo-interpretation", "notation": "Building point", "or_src_id": 997, "dmg_src_id": 3, "cd_value": "Not Applicable" }, "geometry": { "type": "Point", "coordinates": [ -17.883530, 28.614962 ] } }
,
{ "type": "Feature", "properties": { "obj_type": "11-Residential Buildings", "name": "Unknown", "info": "997-Not Applicable", "damage_gra": "Destroyed", "det_method": "Photo-interpretation", "notation": "Building point", "or_src_id": 997, "dmg_src_id": 3, "cd_value": "Not Applicable" }, "geometry": { "type": "Point", "coordinates": [ -17.882295, 28.616559 ] } }
,
{ "type": "Feature", "properties": { "obj_type": "11-Residential Buildings", "name": "Unknown", "info": "997-Not Applicable", "damage_gra": "Destroyed", "det_method": "Photo-interpretation", "notation": "Building point", "or_src_id": 997, "dmg_src_id": 3, "cd_value": "Not Applicable" }, "geometry": { "type": "Point", "coordinates": [ -17.882202, 28.616834 ] } }
,
{ "type": "Feature", "properties": { "obj_type": "11-Residential Buildings", "name": "Unknown", "info": "997-Not Applicable", "damage_gra": "Destroyed", "det_method": "Photo-interpretation", "notation": "Building point", "or_src_id": 997, "dmg_src_id": 3, "cd_value": "Not Applicable" }, "geometry": { "type": "Point", "coordinates": [ -17.882059, 28.616717 ] } }
,
{ "type": "Feature", "properties": { "obj_type": "11-Residential Buildings", "name": "Unknown", "info": "997-Not Applicable", "damage_gra": "Destroyed", "det_method": "Photo-interpretation", "notation": "Building point", "or_src_id": 997, "dmg_src_id": 3, "cd_value": "Not Applicable" }, "geometry": { "type": "Point", "coordinates": [ -17.880216, 28.616533 ] } }
,
{ "type": "Feature", "properties": { "obj_type": "11-Residential Buildings", "name": "Unknown", "info": "997-Not Applicable", "damage_gra": "Destroyed", "det_method": "Photo-interpretation", "notation": "Building point", "or_src_id": 997, "dmg_src_id": 3, "cd_value": "Not Applicable" }, "geometry": { "type": "Point", "coordinates": [ -17.881353, 28.614704 ] } }
,
{ "type": "Feature", "properties": { "obj_type": "11-Residential Buildings", "name": "Unknown", "info": "997-Not Applicable", "damage_gra": "Possibly damaged", "det_method": "Photo-interpretation", "notation": "Building point", "or_src_id": 997, "dmg_src_id": 3, "cd_value": "Not Applicable" }, "geometry": { "type": "Point", "coordinates": [ -17.891917, 28.615375 ] } }
,
{ "type": "Feature", "properties": { "obj_type": "11-Residential Buildings", "name": "Unknown", "info": "997-Not Applicable", "damage_gra": "Destroyed", "det_method": "Photo-interpretation", "notation": "Building point", "or_src_id": 997, "dmg_src_id": 3, "cd_value": "Not Applicable" }, "geometry": { "type": "Point", "coordinates": [ -17.890848, 28.615195 ] } }
,
{ "type": "Feature", "properties": { "obj_type": "11-Residential Buildings", "name": "Unknown", "info": "997-Not Applicable", "damage_gra": "Destroyed", "det_method": "Photo-interpretation", "notation": "Building point", "or_src_id": 997, "dmg_src_id": 3, "cd_value": "Not Applicable" }, "geometry": { "type": "Point", "coordinates": [ -17.893616, 28.616099 ] } }
,
{ "type": "Feature", "properties": { "obj_type": "11-Residential Buildings", "name": "Unknown", "info": "997-Not Applicable", "damage_gra": "Destroyed", "det_method": "Photo-interpretation", "notation": "Building point", "or_src_id": 997, "dmg_src_id": 3, "cd_value": "Not Applicable" }, "geometry": { "type": "Point", "coordinates": [ -17.894931, 28.615507 ] } }
,
{ "type": "Feature", "properties": { "obj_type": "11-Residential Buildings", "name": "Unknown", "info": "997-Not Applicable", "damage_gra": "Destroyed", "det_method": "Photo-interpretation", "notation": "Building point", "or_src_id": 997, "dmg_src_id": 3, "cd_value": "Not Applicable" }, "geometry": { "type": "Point", "coordinates": [ -17.896813, 28.616452 ] } }
,
{ "type": "Feature", "properties": { "obj_type": "11-Residential Buildings", "name": "Unknown", "info": "997-Not Applicable", "damage_gra": "Destroyed", "det_method": "Photo-interpretation", "notation": "Building point", "or_src_id": 997, "dmg_src_id": 3, "cd_value": "Not Applicable" }, "geometry": { "type": "Point", "coordinates": [ -17.897021, 28.616729 ] } }
,
{ "type": "Feature", "properties": { "obj_type": "11-Residential Buildings", "name": "Unknown", "info": "997-Not Applicable", "damage_gra": "Destroyed", "det_method": "Photo-interpretation", "notation": "Building point", "or_src_id": 997, "dmg_src_id": 3, "cd_value": "Not Applicable" }, "geometry": { "type": "Point", "coordinates": [ -17.896848, 28.617235 ] } }
,
{ "type": "Feature", "properties": { "obj_type": "11-Residential Buildings", "name": "Unknown", "info": "997-Not Applicable", "damage_gra": "Destroyed", "det_method": "Photo-interpretation", "notation": "Building point", "or_src_id": 997, "dmg_src_id": 3, "cd_value": "Not Applicable" }, "geometry": { "type": "Point", "coordinates": [ -17.885455, 28.614068 ] } }
,
{ "type": "Feature", "properties": { "obj_type": "11-Residential Buildings", "name": "Unknown", "info": "997-Not Applicable", "damage_gra": "Destroyed", "det_method": "Photo-interpretation", "notation": "Building point", "or_src_id": 997, "dmg_src_id": 3, "cd_value": "Not Applicable" }, "geometry": { "type": "Point", "coordinates": [ -17.885405, 28.613679 ] } }
,
{ "type": "Feature", "properties": { "obj_type": "11-Residential Buildings", "name": "Unknown", "info": "997-Not Applicable", "damage_gra": "Destroyed", "det_method": "Photo-interpretation", "notation": "Building point", "or_src_id": 997, "dmg_src_id": 3, "cd_value": "Not Applicable" }, "geometry": { "type": "Point", "coordinates": [ -17.884508, 28.614649 ] } }
,
{ "type": "Feature", "properties": { "obj_type": "11-Residential Buildings", "name": "Unknown", "info": "997-Not Applicable", "damage_gra": "Possibly damaged", "det_method": "Photo-interpretation", "notation": "Building point", "or_src_id": 997, "dmg_src_id": 3, "cd_value": "Not Applicable" }, "geometry": { "type": "Point", "coordinates": [ -17.884859, 28.613381 ] } }
,
{ "type": "Feature", "properties": { "obj_type": "11-Residential Buildings", "name": "Unknown", "info": "997-Not Applicable", "damage_gra": "Destroyed", "det_method": "Photo-interpretation", "notation": "Building point", "or_src_id": 997, "dmg_src_id": 3, "cd_value": "Not Applicable" }, "geometry": { "type": "Point", "coordinates": [ -17.883542, 28.613773 ] } }
,
{ "type": "Feature", "properties": { "obj_type": "11-Residential Buildings", "name": "Unknown", "info": "997-Not Applicable", "damage_gra": "Destroyed", "det_method": "Photo-interpretation", "notation": "Building point", "or_src_id": 997, "dmg_src_id": 3, "cd_value": "Not Applicable" }, "geometry": { "type": "Point", "coordinates": [ -17.883065, 28.613962 ] } }
,
{ "type": "Feature", "properties": { "obj_type": "11-Residential Buildings", "name": "Unknown", "info": "997-Not Applicable", "damage_gra": "Destroyed", "det_method": "Photo-interpretation", "notation": "Building point", "or_src_id": 997, "dmg_src_id": 3, "cd_value": "Not Applicable" }, "geometry": { "type": "Point", "coordinates": [ -17.882680, 28.614102 ] } }
,
{ "type": "Feature", "properties": { "obj_type": "11-Residential Buildings", "name": "Unknown", "info": "997-Not Applicable", "damage_gra": "Possibly damaged", "det_method": "Photo-interpretation", "notation": "Building point", "or_src_id": 997, "dmg_src_id": 3, "cd_value": "Not Applicable" }, "geometry": { "type": "Point", "coordinates": [ -17.884548, 28.615784 ] } }
,
{ "type": "Feature", "properties": { "obj_type": "11-Residential Buildings", "name": "Unknown", "info": "997-Not Applicable", "damage_gra": "Possibly damaged", "det_method": "Photo-interpretation", "notation": "Building point", "or_src_id": 997, "dmg_src_id": 3, "cd_value": "Not Applicable" }, "geometry": { "type": "Point", "coordinates": [ -17.884788, 28.615769 ] } }
,
{ "type": "Feature", "properties": { "obj_type": "11-Residential Buildings", "name": "Unknown", "info": "997-Not Applicable", "damage_gra": "Possibly damaged", "det_method": "Photo-interpretation", "notation": "Building point", "or_src_id": 997, "dmg_src_id": 3, "cd_value": "Not Applicable" }, "geometry": { "type": "Point", "coordinates": [ -17.884972, 28.615684 ] } }
,
{ "type": "Feature", "properties": { "obj_type": "11-Residential Buildings", "name": "Unknown", "info": "997-Not Applicable", "damage_gra": "Destroyed", "det_method": "Photo-interpretation", "notation": "Building point", "or_src_id": 997, "dmg_src_id": 3, "cd_value": "Not Applicable" }, "geometry": { "type": "Point", "coordinates": [ -17.884895, 28.615467 ] } }
,
{ "type": "Feature", "properties": { "obj_type": "11-Residential Buildings", "name": "Unknown", "info": "997-Not Applicable", "damage_gra": "Possibly damaged", "det_method": "Photo-interpretation", "notation": "Building point", "or_src_id": 997, "dmg_src_id": 3, "cd_value": "Not Applicable" }, "geometry": { "type": "Point", "coordinates": [ -17.883422, 28.616108 ] } }
,
{ "type": "Feature", "properties": { "obj_type": "11-Residential Buildings", "name": "Unknown", "info": "997-Not Applicable", "damage_gra": "Destroyed", "det_method": "Photo-interpretation", "notation": "Building point", "or_src_id": 997, "dmg_src_id": 3, "cd_value": "Not Applicable" }, "geometry": { "type": "Point", "coordinates": [ -17.887151, 28.614323 ] } }
,
{ "type": "Feature", "properties": { "obj_type": "11-Residential Buildings", "name": "Unknown", "info": "997-Not Applicable", "damage_gra": "Destroyed", "det_method": "Photo-interpretation", "notation": "Building point", "or_src_id": 997, "dmg_src_id": 3, "cd_value": "Not Applicable" }, "geometry": { "type": "Point", "coordinates": [ -17.887228, 28.613990 ] } }
,
{ "type": "Feature", "properties": { "obj_type": "11-Residential Buildings", "name": "Unknown", "info": "997-Not Applicable", "damage_gra": "Destroyed", "det_method": "Photo-interpretation", "notation": "Building point", "or_src_id": 997, "dmg_src_id": 3, "cd_value": "Not Applicable" }, "geometry": { "type": "Point", "coordinates": [ -17.886334, 28.613627 ] } }
,
{ "type": "Feature", "properties": { "obj_type": "11-Residential Buildings", "name": "Unknown", "info": "997-Not Applicable", "damage_gra": "Destroyed", "det_method": "Photo-interpretation", "notation": "Building point", "or_src_id": 997, "dmg_src_id": 3, "cd_value": "Not Applicable" }, "geometry": { "type": "Point", "coordinates": [ -17.886279, 28.614258 ] } }
,
{ "type": "Feature", "properties": { "obj_type": "11-Residential Buildings", "name": "Unknown", "info": "997-Not Applicable", "damage_gra": "Destroyed", "det_method": "Photo-interpretation", "notation": "Building point", "or_src_id": 997, "dmg_src_id": 3, "cd_value": "Not Applicable" }, "geometry": { "type": "Point", "coordinates": [ -17.890954, 28.617881 ] } }

]
}
