{
"type": "FeatureCollection",
"features": [
{ "type": "Feature", "properties": { "obj_type": "22-Pipelines, Communication and Electricity Lines", "name": "Unknown", "info": "221-Long-distance pipelines, communication and electricity lines", "damage_gra": "No visible damage", "det_method": "Not Applicable", "notation": "Not Applicable", "or_src_id": 994, "dmg_src_id": 997, "cd_value": "Not Applicable" }, "geometry": { "type": "LineString", "coordinates": [ [ -17.944341, 28.814616 ], [ -17.944167, 28.814035 ], [ -17.944007, 28.813650 ], [ -17.943955, 28.813406 ] ] } }
,
{ "type": "Feature", "properties": { "obj_type": "22-Pipelines, Communication and Electricity Lines", "name": "Unknown", "info": "221-Long-distance pipelines, communication and electricity lines", "damage_gra": "No visible damage", "det_method": "Not Applicable", "notation": "Not Applicable", "or_src_id": 994, "dmg_src_id": 997, "cd_value": "Not Applicable" }, "geometry": { "type": "LineString", "coordinates": [ [ -17.944360, 28.814675 ], [ -17.944341, 28.814616 ] ] } }
,
{ "type": "Feature", "properties": { "obj_type": "22-Pipelines, Communication and Electricity Lines", "name": "Unknown", "info": "221-Long-distance pipelines, communication and electricity lines", "damage_gra": "No visible damage", "det_method": "Not Applicable", "notation": "Not Applicable", "or_src_id": 994, "dmg_src_id": 997, "cd_value": "Not Applicable" }, "geometry": { "type": "LineString", "coordinates": [ [ -17.944665, 28.815845 ], [ -17.944756, 28.815812 ], [ -17.944485, 28.815032 ], [ -17.944360, 28.814675 ] ] } }
,
{ "type": "Feature", "properties": { "obj_type": "22-Pipelines, Communication and Electricity Lines", "name": "Unknown", "info": "221-Long-distance pipelines, communication and electricity lines", "damage_gra": "No visible damage", "det_method": "Not Applicable", "notation": "Not Applicable", "or_src_id": 994, "dmg_src_id": 997, "cd_value": "Not Applicable" }, "geometry": { "type": "LineString", "coordinates": [ [ -17.958831, 28.800111 ], [ -17.958929, 28.799939 ], [ -17.959071, 28.799727 ], [ -17.959434, 28.799178 ], [ -17.959606, 28.798919 ], [ -17.959849, 28.798550 ], [ -17.960153, 28.797990 ] ] } }
,
{ "type": "Feature", "properties": { "obj_type": "22-Pipelines, Communication and Electricity Lines", "name": "Unknown", "info": "221-Long-distance pipelines, communication and electricity lines", "damage_gra": "No visible damage", "det_method": "Not Applicable", "notation": "Not Applicable", "or_src_id": 994, "dmg_src_id": 997, "cd_value": "Not Applicable" }, "geometry": { "type": "LineString", "coordinates": [ [ -17.952487, 28.807180 ], [ -17.952898, 28.806639 ], [ -17.953218, 28.806263 ], [ -17.953549, 28.805925 ], [ -17.953663, 28.805785 ], [ -17.953750, 28.805690 ], [ -17.954000, 28.805362 ], [ -17.954365, 28.804981 ] ] } }
,
{ "type": "Feature", "properties": { "obj_type": "22-Pipelines, Communication and Electricity Lines", "name": "Unknown", "info": "221-Long-distance pipelines, communication and electricity lines", "damage_gra": "No visible damage", "det_method": "Not Applicable", "notation": "Not Applicable", "or_src_id": 994, "dmg_src_id": 997, "cd_value": "Not Applicable" }, "geometry": { "type": "LineString", "coordinates": [ [ -17.895134, 28.594032 ], [ -17.895232, 28.593986 ], [ -17.895429, 28.593894 ], [ -17.895512, 28.593857 ], [ -17.895536, 28.593840 ] ] } }
,
{ "type": "Feature", "properties": { "obj_type": "22-Pipelines, Communication and Electricity Lines", "name": "Canal", "info": "221-Long-distance pipelines, communication and electricity lines", "damage_gra": "No visible damage", "det_method": "Not Applicable", "notation": "Not Applicable", "or_src_id": 994, "dmg_src_id": 997, "cd_value": "Not Applicable" }, "geometry": { "type": "LineString", "coordinates": [ [ -17.906014, 28.690789 ], [ -17.905977, 28.690479 ], [ -17.905648, 28.689739 ] ] } }
,
{ "type": "Feature", "properties": { "obj_type": "22-Pipelines, Communication and Electricity Lines", "name": "Unknown", "info": "221-Long-distance pipelines, communication and electricity lines", "damage_gra": "No visible damage", "det_method": "Not Applicable", "notation": "Not Applicable", "or_src_id": 994, "dmg_src_id": 997, "cd_value": "Not Applicable" }, "geometry": { "type": "LineString", "coordinates": [ [ -17.894964, 28.698738 ], [ -17.894946, 28.698669 ], [ -17.894937, 28.698637 ] ] } }
,
{ "type": "Feature", "properties": { "obj_type": "22-Pipelines, Communication and Electricity Lines", "name": "Canal", "info": "221-Long-distance pipelines, communication and electricity lines", "damage_gra": "No visible damage", "det_method": "Not Applicable", "notation": "Not Applicable", "or_src_id": 994, "dmg_src_id": 997, "cd_value": "Not Applicable" }, "geometry": { "type": "LineString", "coordinates": [ [ -17.906615, 28.695651 ], [ -17.906544, 28.694611 ], [ -17.906381, 28.693632 ], [ -17.906179, 28.692403 ], [ -17.906073, 28.691398 ], [ -17.906041, 28.691062 ], [ -17.906014, 28.690789 ] ] } }
,
{ "type": "Feature", "properties": { "obj_type": "22-Pipelines, Communication and Electricity Lines", "name": "Unknown", "info": "221-Long-distance pipelines, communication and electricity lines", "damage_gra": "No visible damage", "det_method": "Not Applicable", "notation": "Not Applicable", "or_src_id": 994, "dmg_src_id": 997, "cd_value": "Not Applicable" }, "geometry": { "type": "LineString", "coordinates": [ [ -17.901533, 28.595201 ], [ -17.901570, 28.595290 ], [ -17.901648, 28.595309 ], [ -17.901918, 28.595586 ], [ -17.902664, 28.596701 ], [ -17.902400, 28.596875 ] ] } }
,
{ "type": "Feature", "properties": { "obj_type": "22-Pipelines, Communication and Electricity Lines", "name": "Unknown", "info": "221-Long-distance pipelines, communication and electricity lines", "damage_gra": "No visible damage", "det_method": "Not Applicable", "notation": "Not Applicable", "or_src_id": 994, "dmg_src_id": 997, "cd_value": "Not Applicable" }, "geometry": { "type": "LineString", "coordinates": [ [ -17.901123, 28.594207 ], [ -17.901270, 28.594184 ], [ -17.901083, 28.593639 ], [ -17.900791, 28.593671 ], [ -17.900161, 28.593769 ], [ -17.900105, 28.593810 ], [ -17.899179, 28.594024 ], [ -17.898767, 28.593878 ], [ -17.898608, 28.593466 ], [ -17.898249, 28.593417 ], [ -17.898076, 28.593053 ], [ -17.898029, 28.592877 ], [ -17.897769, 28.592750 ], [ -17.897436, 28.592920 ], [ -17.897071, 28.592427 ], [ -17.896952, 28.592326 ], [ -17.896538, 28.592316 ], [ -17.896354, 28.591785 ] ] } }
,
{ "type": "Feature", "properties": { "obj_type": "22-Pipelines, Communication and Electricity Lines", "name": "Unknown", "info": "2212-Long-distance water pipelines", "damage_gra": "No visible damage", "det_method": "Not Applicable", "notation": "Not Applicable", "or_src_id": 994, "dmg_src_id": 997, "cd_value": "Not Applicable" }, "geometry": { "type": "LineString", "coordinates": [ [ -17.905536, 28.689415 ], [ -17.905504, 28.689254 ], [ -17.905439, 28.688982 ], [ -17.905168, 28.688142 ], [ -17.904229, 28.685744 ], [ -17.904079, 28.685350 ], [ -17.903961, 28.684983 ] ] } }
,
{ "type": "Feature", "properties": { "obj_type": "22-Pipelines, Communication and Electricity Lines", "name": "Unknown", "info": "2212-Long-distance water pipelines", "damage_gra": "No visible damage", "det_method": "Not Applicable", "notation": "Not Applicable", "or_src_id": 994, "dmg_src_id": 997, "cd_value": "Not Applicable" }, "geometry": { "type": "LineString", "coordinates": [ [ -17.905648, 28.689739 ], [ -17.905536, 28.689415 ] ] } }
,
{ "type": "Feature", "properties": { "obj_type": "22-Pipelines, Communication and Electricity Lines", "name": "Unknown", "info": "2214-Long-distance electricity lines", "damage_gra": "No visible damage", "det_method": "Not Applicable", "notation": "Not Applicable", "or_src_id": 994, "dmg_src_id": 997, "cd_value": "Not Applicable" }, "geometry": { "type": "LineString", "coordinates": [ [ -17.795878, 28.792341 ], [ -17.792569, 28.791288 ], [ -17.790157, 28.791611 ], [ -17.785390, 28.791118 ], [ -17.783472, 28.788749 ], [ -17.782474, 28.787531 ], [ -17.780343, 28.784894 ], [ -17.780488, 28.781260 ], [ -17.780648, 28.778889 ], [ -17.780948, 28.773389 ], [ -17.780989, 28.772515 ], [ -17.781162, 28.769382 ], [ -17.781315, 28.764090 ], [ -17.781322, 28.762585 ], [ -17.781434, 28.751651 ], [ -17.781450, 28.750594 ], [ -17.783055, 28.742313 ], [ -17.783795, 28.738499 ], [ -17.783798, 28.736813 ], [ -17.783827, 28.730885 ], [ -17.783835, 28.729290 ], [ -17.783764, 28.726934 ], [ -17.783756, 28.725422 ], [ -17.783741, 28.720794 ], [ -17.783748, 28.717685 ], [ -17.783877, 28.712704 ], [ -17.784071, 28.705372 ], [ -17.786266, 28.704267 ], [ -17.787096, 28.703319 ], [ -17.789748, 28.700476 ], [ -17.792931, 28.696995 ], [ -17.793696, 28.694356 ], [ -17.794648, 28.691263 ], [ -17.795774, 28.687573 ], [ -17.796667, 28.684653 ], [ -17.797454, 28.682093 ], [ -17.798325, 28.679225 ], [ -17.798963, 28.677032 ], [ -17.797199, 28.674366 ], [ -17.794967, 28.672672 ], [ -17.793863, 28.671030 ], [ -17.790878, 28.670227 ], [ -17.788672, 28.669371 ], [ -17.780203, 28.664656 ], [ -17.778435, 28.663058 ], [ -17.776812, 28.662544 ], [ -17.775177, 28.661976 ], [ -17.773448, 28.662166 ], [ -17.771663, 28.663032 ] ] } }
,
{ "type": "Feature", "properties": { "obj_type": "22-Pipelines, Communication and Electricity Lines", "name": "Unknown", "info": "2214-Long-distance electricity lines", "damage_gra": "No visible damage", "det_method": "Not Applicable", "notation": "Not Applicable", "or_src_id": 994, "dmg_src_id": 997, "cd_value": "Not Applicable" }, "geometry": { "type": "LineString", "coordinates": [ [ -17.956699, 28.724395 ], [ -17.953539, 28.721098 ], [ -17.952967, 28.720504 ], [ -17.951018, 28.718428 ] ] } }
,
{ "type": "Feature", "properties": { "obj_type": "22-Pipelines, Communication and Electricity Lines", "name": "Unknown", "info": "2214-Long-distance electricity lines", "damage_gra": "No visible damage", "det_method": "Not Applicable", "notation": "Not Applicable", "or_src_id": 994, "dmg_src_id": 997, "cd_value": "Not Applicable" }, "geometry": { "type": "LineString", "coordinates": [ [ -17.813343, 28.653901 ], [ -17.805717, 28.656587 ], [ -17.801686, 28.656880 ], [ -17.799177, 28.657066 ], [ -17.795616, 28.657328 ], [ -17.792932, 28.657521 ], [ -17.788332, 28.657891 ], [ -17.783838, 28.659612 ], [ -17.781989, 28.659162 ], [ -17.779998, 28.658702 ], [ -17.778182, 28.658795 ], [ -17.775992, 28.659615 ], [ -17.774398, 28.660953 ], [ -17.773140, 28.662013 ], [ -17.771374, 28.662735 ], [ -17.769695, 28.663502 ] ] } }
,
{ "type": "Feature", "properties": { "obj_type": "22-Pipelines, Communication and Electricity Lines", "name": "Unknown", "info": "2214-Long-distance electricity lines", "damage_gra": "No visible damage", "det_method": "Not Applicable", "notation": "Not Applicable", "or_src_id": 994, "dmg_src_id": 997, "cd_value": "Not Applicable" }, "geometry": { "type": "LineString", "coordinates": [ [ -17.833203, 28.652868 ], [ -17.829477, 28.653310 ], [ -17.827074, 28.651951 ], [ -17.825301, 28.651761 ], [ -17.824414, 28.652160 ], [ -17.822108, 28.652328 ], [ -17.820025, 28.652469 ], [ -17.818952, 28.652907 ], [ -17.816860, 28.653689 ], [ -17.814672, 28.653865 ], [ -17.813343, 28.653901 ] ] } }
,
{ "type": "Feature", "properties": { "obj_type": "22-Pipelines, Communication and Electricity Lines", "name": "Unknown", "info": "2214-Long-distance electricity lines", "damage_gra": "No visible damage", "det_method": "Not Applicable", "notation": "Not Applicable", "or_src_id": 994, "dmg_src_id": 997, "cd_value": "Not Applicable" }, "geometry": { "type": "LineString", "coordinates": [ [ -17.833203, 28.652868 ], [ -17.836611, 28.653690 ], [ -17.838608, 28.654177 ], [ -17.841457, 28.655238 ], [ -17.844153, 28.656229 ], [ -17.847538, 28.657464 ], [ -17.850647, 28.658646 ], [ -17.853684, 28.659749 ], [ -17.855691, 28.660488 ], [ -17.856380, 28.660742 ], [ -17.859167, 28.661774 ], [ -17.860481, 28.662271 ], [ -17.863690, 28.663065 ], [ -17.866208, 28.663675 ], [ -17.873083, 28.665470 ], [ -17.873435, 28.665558 ], [ -17.874741, 28.665886 ], [ -17.876044, 28.665988 ], [ -17.877993, 28.666147 ], [ -17.882891, 28.666513 ], [ -17.887244, 28.666835 ], [ -17.890621, 28.667097 ], [ -17.894376, 28.667375 ], [ -17.897410, 28.667612 ], [ -17.901032, 28.667880 ], [ -17.902593, 28.668710 ], [ -17.904033, 28.669487 ], [ -17.906187, 28.668624 ], [ -17.907987, 28.667910 ], [ -17.909371, 28.666213 ], [ -17.913692, 28.664108 ], [ -17.915245, 28.664449 ], [ -17.915875, 28.664496 ], [ -17.915922, 28.664493 ], [ -17.915963, 28.664491 ], [ -17.915996, 28.664489 ] ] } }
,
{ "type": "Feature", "properties": { "obj_type": "22-Pipelines, Communication and Electricity Lines", "name": "Unknown", "info": "2214-Long-distance electricity lines", "damage_gra": "No visible damage", "det_method": "Not Applicable", "notation": "Not Applicable", "or_src_id": 994, "dmg_src_id": 997, "cd_value": "Not Applicable" }, "geometry": { "type": "LineString", "coordinates": [ [ -17.769695, 28.663502 ], [ -17.768391, 28.664407 ], [ -17.768252, 28.664457 ] ] } }
,
{ "type": "Feature", "properties": { "obj_type": "22-Pipelines, Communication and Electricity Lines", "name": "Unknown", "info": "2214-Long-distance electricity lines", "damage_gra": "No visible damage", "det_method": "Not Applicable", "notation": "Not Applicable", "or_src_id": 994, "dmg_src_id": 997, "cd_value": "Not Applicable" }, "geometry": { "type": "LineString", "coordinates": [ [ -17.771663, 28.663032 ], [ -17.769803, 28.663924 ], [ -17.768171, 28.664696 ] ] } }
,
{ "type": "Feature", "properties": { "obj_type": "22-Pipelines, Communication and Electricity Lines", "name": "Unknown", "info": "2214-Long-distance electricity lines", "damage_gra": "No visible damage", "det_method": "Not Applicable", "notation": "Not Applicable", "or_src_id": 994, "dmg_src_id": 997, "cd_value": "Not Applicable" }, "geometry": { "type": "LineString", "coordinates": [ [ -17.771663, 28.663032 ], [ -17.769695, 28.663502 ] ] } }
,
{ "type": "Feature", "properties": { "obj_type": "22-Pipelines, Communication and Electricity Lines", "name": "Unknown", "info": "2214-Long-distance electricity lines", "damage_gra": "No visible damage", "det_method": "Not Applicable", "notation": "Not Applicable", "or_src_id": 994, "dmg_src_id": 997, "cd_value": "Not Applicable" }, "geometry": { "type": "LineString", "coordinates": [ [ -17.915922, 28.664493 ], [ -17.915912, 28.664358 ] ] } }
,
{ "type": "Feature", "properties": { "obj_type": "22-Pipelines, Communication and Electricity Lines", "name": "Unknown", "info": "2214-Long-distance electricity lines", "damage_gra": "No visible damage", "det_method": "Not Applicable", "notation": "Not Applicable", "or_src_id": 994, "dmg_src_id": 997, "cd_value": "Not Applicable" }, "geometry": { "type": "LineString", "coordinates": [ [ -17.915963, 28.664491 ], [ -17.915958, 28.664388 ] ] } }
,
{ "type": "Feature", "properties": { "obj_type": "22-Pipelines, Communication and Electricity Lines", "name": "Unknown", "info": "2224-Local electricity and telecommunication cables", "damage_gra": "No visible damage", "det_method": "Not Applicable", "notation": "Not Applicable", "or_src_id": 994, "dmg_src_id": 997, "cd_value": "Not Applicable" }, "geometry": { "type": "LineString", "coordinates": [ [ -17.795909, 28.792508 ], [ -17.794339, 28.793706 ], [ -17.791173, 28.796136 ], [ -17.786675, 28.800272 ] ] } }
,
{ "type": "Feature", "properties": { "obj_type": "22-Pipelines, Communication and Electricity Lines", "name": "Unknown", "info": "2224-Local electricity and telecommunication cables", "damage_gra": "No visible damage", "det_method": "Not Applicable", "notation": "Not Applicable", "or_src_id": 994, "dmg_src_id": 997, "cd_value": "Not Applicable" }, "geometry": { "type": "LineString", "coordinates": [ [ -17.906464, 28.768894 ], [ -17.907341, 28.769371 ], [ -17.908468, 28.769982 ], [ -17.909999, 28.771071 ], [ -17.911451, 28.772110 ], [ -17.912506, 28.773039 ], [ -17.913597, 28.773973 ], [ -17.915293, 28.775435 ], [ -17.916475, 28.777154 ], [ -17.917745, 28.778119 ], [ -17.919189, 28.779190 ] ] } }
,
{ "type": "Feature", "properties": { "obj_type": "22-Pipelines, Communication and Electricity Lines", "name": "Unknown", "info": "2224-Local electricity and telecommunication cables", "damage_gra": "No visible damage", "det_method": "Not Applicable", "notation": "Not Applicable", "or_src_id": 994, "dmg_src_id": 997, "cd_value": "Not Applicable" }, "geometry": { "type": "LineString", "coordinates": [ [ -17.858302, 28.512926 ], [ -17.861720, 28.520520 ], [ -17.863823, 28.526930 ], [ -17.864703, 28.530380 ], [ -17.866527, 28.535952 ], [ -17.867155, 28.537395 ], [ -17.867246, 28.537691 ], [ -17.868887, 28.545630 ], [ -17.870003, 28.551152 ] ] } }
,
{ "type": "Feature", "properties": { "obj_type": "22-Pipelines, Communication and Electricity Lines", "name": "Unknown", "info": "2224-Local electricity and telecommunication cables", "damage_gra": "No visible damage", "det_method": "Not Applicable", "notation": "Not Applicable", "or_src_id": 994, "dmg_src_id": 997, "cd_value": "Not Applicable" }, "geometry": { "type": "LineString", "coordinates": [ [ -17.847831, 28.488505 ], [ -17.846573, 28.488624 ], [ -17.843971, 28.488772 ] ] } }
,
{ "type": "Feature", "properties": { "obj_type": "22-Pipelines, Communication and Electricity Lines", "name": "Unknown", "info": "2224-Local electricity and telecommunication cables", "damage_gra": "No visible damage", "det_method": "Not Applicable", "notation": "Not Applicable", "or_src_id": 994, "dmg_src_id": 997, "cd_value": "Not Applicable" }, "geometry": { "type": "LineString", "coordinates": [ [ -17.856854, 28.497345 ], [ -17.856204, 28.496432 ], [ -17.855700, 28.495577 ], [ -17.855314, 28.494971 ], [ -17.854295, 28.493373 ] ] } }
,
{ "type": "Feature", "properties": { "obj_type": "22-Pipelines, Communication and Electricity Lines", "name": "Unknown", "info": "2224-Local electricity and telecommunication cables", "damage_gra": "No visible damage", "det_method": "Not Applicable", "notation": "Not Applicable", "or_src_id": 994, "dmg_src_id": 997, "cd_value": "Not Applicable" }, "geometry": { "type": "LineString", "coordinates": [ [ -17.792737, 28.652120 ], [ -17.791508, 28.653349 ], [ -17.790606, 28.654189 ], [ -17.790077, 28.654713 ], [ -17.788765, 28.655080 ], [ -17.787455, 28.655462 ], [ -17.786137, 28.655827 ], [ -17.783812, 28.656509 ], [ -17.782704, 28.656843 ], [ -17.781901, 28.657341 ], [ -17.781426, 28.657633 ], [ -17.780382, 28.658248 ], [ -17.779448, 28.658901 ], [ -17.778901, 28.659154 ], [ -17.778144, 28.659596 ], [ -17.777099, 28.660237 ], [ -17.775599, 28.661141 ], [ -17.773407, 28.662478 ], [ -17.772113, 28.663257 ], [ -17.771518, 28.663609 ], [ -17.771260, 28.663752 ], [ -17.770800, 28.664052 ], [ -17.770233, 28.664194 ] ] } }
,
{ "type": "Feature", "properties": { "obj_type": "22-Pipelines, Communication and Electricity Lines", "name": "Unknown", "info": "2224-Local electricity and telecommunication cables", "damage_gra": "No visible damage", "det_method": "Not Applicable", "notation": "Not Applicable", "or_src_id": 994, "dmg_src_id": 997, "cd_value": "Not Applicable" }, "geometry": { "type": "LineString", "coordinates": [ [ -17.801278, 28.643436 ], [ -17.801820, 28.643177 ], [ -17.802340, 28.642796 ], [ -17.803225, 28.641720 ], [ -17.805698, 28.638152 ], [ -17.808246, 28.634574 ], [ -17.811463, 28.630201 ], [ -17.813408, 28.627388 ], [ -17.815069, 28.625091 ], [ -17.815554, 28.624421 ], [ -17.816331, 28.623318 ], [ -17.817284, 28.622018 ], [ -17.819190, 28.619323 ], [ -17.821567, 28.618957 ], [ -17.822915, 28.618762 ], [ -17.823402, 28.618670 ], [ -17.825589, 28.618346 ], [ -17.827215, 28.618085 ], [ -17.829613, 28.617723 ], [ -17.831790, 28.618490 ], [ -17.832921, 28.618893 ], [ -17.836675, 28.618930 ], [ -17.839162, 28.618922 ], [ -17.841843, 28.618985 ], [ -17.843545, 28.619003 ], [ -17.845953, 28.619055 ], [ -17.848447, 28.619059 ], [ -17.850488, 28.619071 ], [ -17.852735, 28.619094 ], [ -17.854714, 28.619079 ], [ -17.856864, 28.619062 ], [ -17.860226, 28.619114 ], [ -17.862076, 28.619143 ], [ -17.864932, 28.619906 ], [ -17.872451, 28.622131 ], [ -17.873132, 28.622280 ] ] } }
,
{ "type": "Feature", "properties": { "obj_type": "22-Pipelines, Communication and Electricity Lines", "name": "Unknown", "info": "2224-Local electricity and telecommunication cables", "damage_gra": "No visible damage", "det_method": "Not Applicable", "notation": "Not Applicable", "or_src_id": 994, "dmg_src_id": 997, "cd_value": "Not Applicable" }, "geometry": { "type": "LineString", "coordinates": [ [ -17.825978, 28.648137 ], [ -17.827013, 28.648868 ], [ -17.827960, 28.649550 ], [ -17.829433, 28.650532 ], [ -17.830565, 28.651205 ], [ -17.832469, 28.651768 ], [ -17.836004, 28.652761 ], [ -17.837010, 28.653039 ], [ -17.837461, 28.653203 ], [ -17.838775, 28.653559 ], [ -17.839968, 28.653869 ], [ -17.841205, 28.654208 ], [ -17.842200, 28.654484 ], [ -17.843538, 28.654896 ], [ -17.844515, 28.655157 ], [ -17.845226, 28.655378 ], [ -17.846264, 28.655665 ], [ -17.847513, 28.656040 ], [ -17.848914, 28.656407 ], [ -17.849536, 28.656607 ], [ -17.850284, 28.656828 ], [ -17.851789, 28.657193 ], [ -17.853948, 28.657852 ], [ -17.855209, 28.658184 ], [ -17.857430, 28.658805 ], [ -17.860441, 28.659666 ], [ -17.860906, 28.659799 ], [ -17.862043, 28.660124 ], [ -17.862965, 28.660381 ], [ -17.864841, 28.660903 ], [ -17.866404, 28.661338 ], [ -17.867177, 28.661535 ], [ -17.868132, 28.661820 ], [ -17.868896, 28.662060 ], [ -17.869770, 28.662340 ] ] } }
,
{ "type": "Feature", "properties": { "obj_type": "22-Pipelines, Communication and Electricity Lines", "name": "Unknown", "info": "2224-Local electricity and telecommunication cables", "damage_gra": "No visible damage", "det_method": "Not Applicable", "notation": "Not Applicable", "or_src_id": 994, "dmg_src_id": 997, "cd_value": "Not Applicable" }, "geometry": { "type": "LineString", "coordinates": [ [ -17.873132, 28.622280 ], [ -17.874195, 28.622572 ], [ -17.874613, 28.622731 ] ] } }
,
{ "type": "Feature", "properties": { "obj_type": "22-Pipelines, Communication and Electricity Lines", "name": "Unknown", "info": "2224-Local electricity and telecommunication cables", "damage_gra": "No visible damage", "det_method": "Not Applicable", "notation": "Not Applicable", "or_src_id": 994, "dmg_src_id": 997, "cd_value": "Not Applicable" }, "geometry": { "type": "LineString", "coordinates": [ [ -17.766566, 28.652738 ], [ -17.765479, 28.655094 ], [ -17.765090, 28.656349 ], [ -17.765933, 28.657723 ], [ -17.767008, 28.658719 ], [ -17.767695, 28.659396 ], [ -17.768661, 28.661840 ], [ -17.768317, 28.664139 ] ] } }
,
{ "type": "Feature", "properties": { "obj_type": "22-Pipelines, Communication and Electricity Lines", "name": "Unknown", "info": "2224-Local electricity and telecommunication cables", "damage_gra": "No visible damage", "det_method": "Not Applicable", "notation": "Not Applicable", "or_src_id": 994, "dmg_src_id": 997, "cd_value": "Not Applicable" }, "geometry": { "type": "LineString", "coordinates": [ [ -17.770310, 28.659697 ], [ -17.770145, 28.661457 ], [ -17.770071, 28.662305 ], [ -17.769950, 28.663674 ], [ -17.769803, 28.663924 ] ] } }
,
{ "type": "Feature", "properties": { "obj_type": "22-Pipelines, Communication and Electricity Lines", "name": "Unknown", "info": "2224-Local electricity and telecommunication cables", "damage_gra": "No visible damage", "det_method": "Not Applicable", "notation": "Not Applicable", "or_src_id": 994, "dmg_src_id": 997, "cd_value": "Not Applicable" }, "geometry": { "type": "LineString", "coordinates": [ [ -17.915851, 28.664269 ], [ -17.915825, 28.663869 ], [ -17.915391, 28.662537 ], [ -17.915025, 28.661445 ] ] } }
,
{ "type": "Feature", "properties": { "obj_type": "22-Pipelines, Communication and Electricity Lines", "name": "Unknown", "info": "2224-Local electricity and telecommunication cables", "damage_gra": "No visible damage", "det_method": "Not Applicable", "notation": "Not Applicable", "or_src_id": 994, "dmg_src_id": 997, "cd_value": "Not Applicable" }, "geometry": { "type": "LineString", "coordinates": [ [ -17.914768, 28.674713 ], [ -17.914848, 28.673666 ], [ -17.915120, 28.671523 ], [ -17.915495, 28.669041 ], [ -17.915556, 28.667629 ], [ -17.915717, 28.666365 ], [ -17.915870, 28.664908 ] ] } }
,
{ "type": "Feature", "properties": { "obj_type": "22-Pipelines, Communication and Electricity Lines", "name": "Unknown", "info": "2224-Local electricity and telecommunication cables", "damage_gra": "No visible damage", "det_method": "Not Applicable", "notation": "Not Applicable", "or_src_id": 994, "dmg_src_id": 997, "cd_value": "Not Applicable" }, "geometry": { "type": "LineString", "coordinates": [ [ -17.915870, 28.664908 ], [ -17.915717, 28.666365 ], [ -17.915556, 28.667629 ], [ -17.915495, 28.669041 ], [ -17.915792, 28.670616 ], [ -17.916175, 28.674019 ] ] } }
,
{ "type": "Feature", "properties": { "obj_type": "22-Pipelines, Communication and Electricity Lines", "name": "Unknown", "info": "2224-Local electricity and telecommunication cables", "damage_gra": "No visible damage", "det_method": "Not Applicable", "notation": "Not Applicable", "or_src_id": 994, "dmg_src_id": 997, "cd_value": "Not Applicable" }, "geometry": { "type": "LineString", "coordinates": [ [ -17.773048, 28.664005 ], [ -17.770582, 28.664298 ], [ -17.769071, 28.664649 ], [ -17.768375, 28.664766 ] ] } }
,
{ "type": "Feature", "properties": { "obj_type": "22-Pipelines, Communication and Electricity Lines", "name": "Unknown", "info": "2224-Local electricity and telecommunication cables", "damage_gra": "No visible damage", "det_method": "Not Applicable", "notation": "Not Applicable", "or_src_id": 994, "dmg_src_id": 997, "cd_value": "Not Applicable" }, "geometry": { "type": "LineString", "coordinates": [ [ -17.780203, 28.664656 ], [ -17.779823, 28.664574 ], [ -17.779528, 28.664595 ] ] } }
,
{ "type": "Feature", "properties": { "obj_type": "22-Pipelines, Communication and Electricity Lines", "name": "Unknown", "info": "2224-Local electricity and telecommunication cables", "damage_gra": "No visible damage", "det_method": "Not Applicable", "notation": "Not Applicable", "or_src_id": 994, "dmg_src_id": 997, "cd_value": "Not Applicable" }, "geometry": { "type": "LineString", "coordinates": [ [ -17.778585, 28.658536 ], [ -17.778148, 28.658545 ], [ -17.777240, 28.658558 ], [ -17.776033, 28.658610 ], [ -17.774727, 28.658548 ], [ -17.774097, 28.658496 ], [ -17.772706, 28.658564 ], [ -17.771641, 28.658486 ], [ -17.771169, 28.658918 ], [ -17.770828, 28.659734 ], [ -17.770310, 28.659697 ] ] } }
,
{ "type": "Feature", "properties": { "obj_type": "22-Pipelines, Communication and Electricity Lines", "name": "Unknown", "info": "2224-Local electricity and telecommunication cables", "damage_gra": "No visible damage", "det_method": "Not Applicable", "notation": "Not Applicable", "or_src_id": 994, "dmg_src_id": 997, "cd_value": "Not Applicable" }, "geometry": { "type": "LineString", "coordinates": [ [ -17.768398, 28.664813 ], [ -17.768387, 28.664791 ], [ -17.768375, 28.664766 ], [ -17.768363, 28.664741 ], [ -17.768351, 28.664715 ] ] } }
,
{ "type": "Feature", "properties": { "obj_type": "22-Pipelines, Communication and Electricity Lines", "name": "Unknown", "info": "2224-Local electricity and telecommunication cables", "damage_gra": "No visible damage", "det_method": "Not Applicable", "notation": "Not Applicable", "or_src_id": 994, "dmg_src_id": 997, "cd_value": "Not Applicable" }, "geometry": { "type": "LineString", "coordinates": [ [ -17.768363, 28.664741 ], [ -17.768986, 28.664542 ], [ -17.769595, 28.664380 ], [ -17.770233, 28.664194 ] ] } }
,
{ "type": "Feature", "properties": { "obj_type": "22-Pipelines, Communication and Electricity Lines", "name": "Unknown", "info": "2224-Local electricity and telecommunication cables", "damage_gra": "No visible damage", "det_method": "Not Applicable", "notation": "Not Applicable", "or_src_id": 994, "dmg_src_id": 997, "cd_value": "Not Applicable" }, "geometry": { "type": "LineString", "coordinates": [ [ -17.768387, 28.664791 ], [ -17.769117, 28.664769 ], [ -17.769835, 28.664759 ], [ -17.771221, 28.664752 ], [ -17.771934, 28.665484 ] ] } }
,
{ "type": "Feature", "properties": { "obj_type": "22-Pipelines, Communication and Electricity Lines", "name": "Unknown", "info": "2224-Local electricity and telecommunication cables", "damage_gra": "No visible damage", "det_method": "Not Applicable", "notation": "Not Applicable", "or_src_id": 994, "dmg_src_id": 997, "cd_value": "Not Applicable" }, "geometry": { "type": "LineString", "coordinates": [ [ -17.939055, 28.647392 ], [ -17.939231, 28.647775 ], [ -17.939763, 28.649090 ], [ -17.940057, 28.649804 ], [ -17.939592, 28.650954 ], [ -17.939108, 28.651996 ], [ -17.938700, 28.653045 ], [ -17.938704, 28.654991 ], [ -17.938638, 28.657496 ] ] } }
,
{ "type": "Feature", "properties": { "obj_type": "22-Pipelines, Communication and Electricity Lines", "name": "Unknown", "info": "2224-Local electricity and telecommunication cables", "damage_gra": "No visible damage", "det_method": "Not Applicable", "notation": "Not Applicable", "or_src_id": 994, "dmg_src_id": 997, "cd_value": "Not Applicable" }, "geometry": { "type": "LineString", "coordinates": [ [ -17.958726, 28.696694 ], [ -17.959384, 28.697738 ] ] } }
,
{ "type": "Feature", "properties": { "obj_type": "22-Pipelines, Communication and Electricity Lines", "name": "Unknown", "info": "2224-Local electricity and telecommunication cables", "damage_gra": "No visible damage", "det_method": "Not Applicable", "notation": "Not Applicable", "or_src_id": 994, "dmg_src_id": 997, "cd_value": "Not Applicable" }, "geometry": { "type": "LineString", "coordinates": [ [ -17.915833, 28.664551 ], [ -17.916879, 28.665613 ], [ -17.917921, 28.666253 ], [ -17.918744, 28.666800 ], [ -17.919859, 28.667429 ], [ -17.920966, 28.668081 ], [ -17.922478, 28.668985 ], [ -17.922827, 28.669210 ], [ -17.925714, 28.670945 ] ] } }
,
{ "type": "Feature", "properties": { "obj_type": "22-Pipelines, Communication and Electricity Lines", "name": "Unknown", "info": "2224-Local electricity and telecommunication cables", "damage_gra": "No visible damage", "det_method": "Not Applicable", "notation": "Not Applicable", "or_src_id": 994, "dmg_src_id": 997, "cd_value": "Not Applicable" }, "geometry": { "type": "LineString", "coordinates": [ [ -17.944396, 28.671732 ], [ -17.944428, 28.671469 ], [ -17.946300, 28.666272 ], [ -17.954224, 28.670999 ], [ -17.954692, 28.672815 ], [ -17.955528, 28.675005 ], [ -17.956521, 28.676313 ], [ -17.956275, 28.677898 ], [ -17.955323, 28.679682 ], [ -17.955490, 28.682200 ], [ -17.956043, 28.685056 ] ] } }
,
{ "type": "Feature", "properties": { "obj_type": "22-Pipelines, Communication and Electricity Lines", "name": "Unknown", "info": "2224-Local electricity and telecommunication cables", "damage_gra": "No visible damage", "det_method": "Not Applicable", "notation": "Not Applicable", "or_src_id": 994, "dmg_src_id": 997, "cd_value": "Not Applicable" }, "geometry": { "type": "LineString", "coordinates": [ [ -17.938882, 28.658003 ], [ -17.938638, 28.657496 ] ] } }
,
{ "type": "Feature", "properties": { "obj_type": "22-Pipelines, Communication and Electricity Lines", "name": "Unknown", "info": "2224-Local electricity and telecommunication cables", "damage_gra": "No visible damage", "det_method": "Not Applicable", "notation": "Not Applicable", "or_src_id": 994, "dmg_src_id": 997, "cd_value": "Not Applicable" }, "geometry": { "type": "LineString", "coordinates": [ [ -17.938261, 28.658545 ], [ -17.938876, 28.658024 ] ] } }
,
{ "type": "Feature", "properties": { "obj_type": "22-Pipelines, Communication and Electricity Lines", "name": "Unknown", "info": "2224-Local electricity and telecommunication cables", "damage_gra": "No visible damage", "det_method": "Not Applicable", "notation": "Not Applicable", "or_src_id": 994, "dmg_src_id": 997, "cd_value": "Not Applicable" }, "geometry": { "type": "LineString", "coordinates": [ [ -17.938900, 28.658029 ], [ -17.938926, 28.658079 ], [ -17.939451, 28.657770 ] ] } }
,
{ "type": "Feature", "properties": { "obj_type": "22-Pipelines, Communication and Electricity Lines", "name": "Unknown", "info": "2224-Local electricity and telecommunication cables", "damage_gra": "No visible damage", "det_method": "Not Applicable", "notation": "Not Applicable", "or_src_id": 994, "dmg_src_id": 997, "cd_value": "Not Applicable" }, "geometry": { "type": "LineString", "coordinates": [ [ -17.786614, 28.657270 ], [ -17.786768, 28.657446 ], [ -17.786996, 28.657707 ], [ -17.787802, 28.658489 ], [ -17.789316, 28.659952 ], [ -17.790016, 28.660631 ], [ -17.790721, 28.660893 ], [ -17.791256, 28.661105 ], [ -17.791582, 28.661368 ], [ -17.792181, 28.661826 ], [ -17.793507, 28.662702 ], [ -17.793641, 28.662906 ], [ -17.793679, 28.663196 ], [ -17.793608, 28.664228 ], [ -17.794178, 28.665341 ], [ -17.794484, 28.665932 ] ] } }
,
{ "type": "Feature", "properties": { "obj_type": "22-Pipelines, Communication and Electricity Lines", "name": "Unknown", "info": "2224-Local electricity and telecommunication cables", "damage_gra": "No visible damage", "det_method": "Not Applicable", "notation": "Not Applicable", "or_src_id": 994, "dmg_src_id": 997, "cd_value": "Not Applicable" }, "geometry": { "type": "LineString", "coordinates": [ [ -17.939047, 28.647343 ], [ -17.938657, 28.646481 ], [ -17.937931, 28.644770 ], [ -17.937386, 28.643500 ], [ -17.936832, 28.642237 ], [ -17.936067, 28.640165 ], [ -17.935676, 28.639301 ] ] } }
,
{ "type": "Feature", "properties": { "obj_type": "22-Pipelines, Communication and Electricity Lines", "name": "Unknown", "info": "2224-Local electricity and telecommunication cables", "damage_gra": "No visible damage", "det_method": "Not Applicable", "notation": "Not Applicable", "or_src_id": 994, "dmg_src_id": 997, "cd_value": "Not Applicable" }, "geometry": { "type": "LineString", "coordinates": [ [ -17.805800, 28.631379 ], [ -17.803445, 28.632551 ], [ -17.801841, 28.633417 ], [ -17.799637, 28.634505 ], [ -17.798510, 28.635070 ], [ -17.796965, 28.635988 ] ] } }
,
{ "type": "Feature", "properties": { "obj_type": "22-Pipelines, Communication and Electricity Lines", "name": "Unknown", "info": "2224-Local electricity and telecommunication cables", "damage_gra": "No visible damage", "det_method": "Not Applicable", "notation": "Not Applicable", "or_src_id": 994, "dmg_src_id": 997, "cd_value": "Not Applicable" }, "geometry": { "type": "LineString", "coordinates": [ [ -17.785913, 28.659923 ], [ -17.785694, 28.658989 ], [ -17.785923, 28.658589 ], [ -17.786522, 28.658069 ], [ -17.786513, 28.657527 ], [ -17.786614, 28.657270 ], [ -17.786225, 28.656410 ], [ -17.786013, 28.655942 ], [ -17.785935, 28.655096 ], [ -17.785859, 28.654131 ], [ -17.785791, 28.653425 ], [ -17.785130, 28.651603 ], [ -17.784251, 28.649282 ] ] } }
,
{ "type": "Feature", "properties": { "obj_type": "22-Pipelines, Communication and Electricity Lines", "name": "Unknown", "info": "2224-Local electricity and telecommunication cables", "damage_gra": "No visible damage", "det_method": "Not Applicable", "notation": "Not Applicable", "or_src_id": 994, "dmg_src_id": 997, "cd_value": "Not Applicable" }, "geometry": { "type": "LineString", "coordinates": [ [ -17.757735, 28.633569 ], [ -17.758381, 28.632995 ], [ -17.758993, 28.632983 ] ] } }
,
{ "type": "Feature", "properties": { "obj_type": "22-Pipelines, Communication and Electricity Lines", "name": "Unknown", "info": "2224-Local electricity and telecommunication cables", "damage_gra": "No visible damage", "det_method": "Not Applicable", "notation": "Not Applicable", "or_src_id": 994, "dmg_src_id": 997, "cd_value": "Not Applicable" }, "geometry": { "type": "LineString", "coordinates": [ [ -17.766566, 28.652738 ], [ -17.766098, 28.651252 ], [ -17.765688, 28.649950 ], [ -17.765273, 28.648671 ], [ -17.765172, 28.647526 ], [ -17.765037, 28.646224 ], [ -17.764422, 28.645391 ], [ -17.764345, 28.644329 ], [ -17.764683, 28.643499 ], [ -17.764499, 28.642085 ], [ -17.764418, 28.641426 ], [ -17.764345, 28.640780 ], [ -17.763969, 28.639917 ], [ -17.763495, 28.638741 ], [ -17.762967, 28.637473 ], [ -17.762202, 28.635392 ], [ -17.761727, 28.634282 ] ] } }
,
{ "type": "Feature", "properties": { "obj_type": "22-Pipelines, Communication and Electricity Lines", "name": "Unknown", "info": "2224-Local electricity and telecommunication cables", "damage_gra": "No visible damage", "det_method": "Not Applicable", "notation": "Not Applicable", "or_src_id": 994, "dmg_src_id": 997, "cd_value": "Not Applicable" }, "geometry": { "type": "LineString", "coordinates": [ [ -17.766357, 28.647756 ], [ -17.765384, 28.647532 ], [ -17.765172, 28.647526 ], [ -17.764327, 28.647411 ], [ -17.762326, 28.647587 ] ] } }
,
{ "type": "Feature", "properties": { "obj_type": "22-Pipelines, Communication and Electricity Lines", "name": "Canal de Breña", "info": "223-Aqueducts, irrigation and cultivation waterworks", "damage_gra": "No visible damage", "det_method": "Not Applicable", "notation": "Not Applicable", "or_src_id": 994, "dmg_src_id": 997, "cd_value": "Not Applicable" }, "geometry": { "type": "LineString", "coordinates": [ [ -17.790518, 28.688059 ], [ -17.790555, 28.687868 ], [ -17.790478, 28.687650 ], [ -17.790477, 28.687559 ], [ -17.790502, 28.687479 ], [ -17.790545, 28.687369 ], [ -17.790600, 28.687261 ], [ -17.790742, 28.687119 ], [ -17.790907, 28.687025 ], [ -17.791086, 28.686948 ], [ -17.791156, 28.686844 ], [ -17.791148, 28.686702 ], [ -17.791094, 28.686635 ], [ -17.791015, 28.686589 ], [ -17.790992, 28.686540 ], [ -17.791010, 28.686386 ], [ -17.791104, 28.686245 ], [ -17.791167, 28.686195 ], [ -17.791254, 28.686176 ], [ -17.791436, 28.686211 ], [ -17.791832, 28.686266 ], [ -17.792473, 28.685954 ], [ -17.792608, 28.685931 ], [ -17.792749, 28.685919 ], [ -17.792985, 28.685894 ], [ -17.793028, 28.685858 ], [ -17.792998, 28.685813 ], [ -17.792942, 28.685784 ], [ -17.792697, 28.685712 ], [ -17.791816, 28.685557 ], [ -17.790720, 28.685086 ], [ -17.790760, 28.684784 ], [ -17.791080, 28.684468 ], [ -17.790848, 28.684272 ], [ -17.790808, 28.684054 ], [ -17.791384, 28.683836 ], [ -17.791400, 28.683724 ], [ -17.790856, 28.682867 ], [ -17.790928, 28.682649 ], [ -17.791744, 28.682228 ], [ -17.791720, 28.682122 ], [ -17.791664, 28.682050 ], [ -17.791493, 28.682005 ], [ -17.791385, 28.681929 ], [ -17.791362, 28.681853 ], [ -17.791407, 28.681705 ], [ -17.791445, 28.681600 ], [ -17.791528, 28.681425 ], [ -17.791589, 28.681318 ], [ -17.791641, 28.681250 ], [ -17.791693, 28.681217 ], [ -17.791873, 28.681192 ], [ -17.792091, 28.681177 ], [ -17.792361, 28.681170 ], [ -17.792571, 28.681151 ], [ -17.792652, 28.681168 ], [ -17.792814, 28.681176 ], [ -17.792908, 28.681116 ], [ -17.792915, 28.681070 ], [ -17.792800, 28.681007 ], [ -17.792668, 28.680917 ], [ -17.792548, 28.680783 ], [ -17.792400, 28.680694 ], [ -17.792165, 28.680617 ], [ -17.792053, 28.680488 ], [ -17.791974, 28.680324 ], [ -17.791974, 28.680175 ], [ -17.792156, 28.679970 ], [ -17.792350, 28.679826 ], [ -17.792442, 28.679705 ], [ -17.792505, 28.679560 ], [ -17.792485, 28.679321 ], [ -17.792499, 28.679088 ], [ -17.792505, 28.678841 ], [ -17.792578, 28.678603 ], [ -17.792654, 28.678407 ], [ -17.792859, 28.678237 ], [ -17.793052, 28.678227 ], [ -17.793224, 28.678216 ], [ -17.793674, 28.678103 ], [ -17.793805, 28.678076 ], [ -17.794073, 28.678057 ], [ -17.794250, 28.678106 ], [ -17.794404, 28.678144 ], [ -17.794487, 28.678136 ], [ -17.794538, 28.678070 ], [ -17.794496, 28.677975 ], [ -17.794466, 28.677921 ], [ -17.794265, 28.677787 ], [ -17.794079, 28.677641 ], [ -17.794046, 28.677570 ], [ -17.794055, 28.677531 ], [ -17.794073, 28.677465 ], [ -17.794388, 28.677112 ], [ -17.794560, 28.677017 ], [ -17.794836, 28.676774 ] ] } }
,
{ "type": "Feature", "properties": { "obj_type": "22-Pipelines, Communication and Electricity Lines", "name": "Unknown", "info": "223-Aqueducts, irrigation and cultivation waterworks", "damage_gra": "No visible damage", "det_method": "Not Applicable", "notation": "Not Applicable", "or_src_id": 994, "dmg_src_id": 997, "cd_value": "Not Applicable" }, "geometry": { "type": "LineString", "coordinates": [ [ -17.790916, 28.688471 ], [ -17.790796, 28.688438 ], [ -17.790682, 28.688379 ], [ -17.790531, 28.688292 ], [ -17.790470, 28.688248 ], [ -17.790424, 28.688160 ], [ -17.790457, 28.688098 ], [ -17.790518, 28.688059 ] ] } }
,
{ "type": "Feature", "properties": { "obj_type": "22-Pipelines, Communication and Electricity Lines", "name": "Unknown", "info": "223-Aqueducts, irrigation and cultivation waterworks", "damage_gra": "No visible damage", "det_method": "Not Applicable", "notation": "Not Applicable", "or_src_id": 994, "dmg_src_id": 997, "cd_value": "Not Applicable" }, "geometry": { "type": "LineString", "coordinates": [ [ -17.791621, 28.689571 ], [ -17.791232, 28.689429 ], [ -17.791175, 28.689226 ], [ -17.791258, 28.688979 ], [ -17.791463, 28.688843 ], [ -17.791448, 28.688750 ], [ -17.791289, 28.688667 ], [ -17.791251, 28.688580 ], [ -17.791110, 28.688500 ], [ -17.790916, 28.688471 ] ] } }
,
{ "type": "Feature", "properties": { "obj_type": "22-Pipelines, Communication and Electricity Lines", "name": "Unknown", "info": "223-Aqueducts, irrigation and cultivation waterworks", "damage_gra": "No visible damage", "det_method": "Not Applicable", "notation": "Not Applicable", "or_src_id": 994, "dmg_src_id": 997, "cd_value": "Not Applicable" }, "geometry": { "type": "LineString", "coordinates": [ [ -17.791095, 28.696235 ], [ -17.790764, 28.696100 ], [ -17.790680, 28.695974 ], [ -17.790684, 28.695782 ], [ -17.790799, 28.695706 ], [ -17.791391, 28.695654 ], [ -17.791756, 28.695438 ], [ -17.792654, 28.695247 ], [ -17.792709, 28.695101 ], [ -17.792146, 28.694822 ], [ -17.791400, 28.694660 ], [ -17.791122, 28.694358 ], [ -17.791196, 28.694158 ], [ -17.791395, 28.693861 ], [ -17.792132, 28.693496 ], [ -17.792533, 28.693485 ], [ -17.793074, 28.693300 ], [ -17.793916, 28.693421 ], [ -17.794476, 28.693415 ], [ -17.795048, 28.693561 ], [ -17.795369, 28.693591 ], [ -17.795789, 28.693387 ], [ -17.795733, 28.693234 ], [ -17.795017, 28.692952 ], [ -17.794120, 28.692747 ], [ -17.793974, 28.692488 ], [ -17.793619, 28.692298 ], [ -17.792943, 28.692012 ], [ -17.792471, 28.691984 ], [ -17.791985, 28.692080 ], [ -17.791354, 28.691982 ], [ -17.790684, 28.691801 ], [ -17.790592, 28.691621 ], [ -17.791455, 28.691096 ], [ -17.791666, 28.690901 ], [ -17.791344, 28.690582 ], [ -17.791433, 28.690016 ], [ -17.791383, 28.689872 ], [ -17.791621, 28.689571 ] ] } }
,
{ "type": "Feature", "properties": { "obj_type": "215-Harbours, waterways, dams and other waterworks", "name": "Unknown", "info": "21511-Berthing Structure", "damage_gra": "No visible damage", "det_method": "Not Applicable", "notation": "Not Applicable", "or_src_id": 994, "dmg_src_id": 997, "cd_value": "Not Applicable" }, "geometry": { "type": "LineString", "coordinates": [ [ -17.980982, 28.723887 ], [ -17.981064, 28.723875 ], [ -17.981177, 28.723835 ] ] } }
,
{ "type": "Feature", "properties": { "obj_type": "215-Harbours, waterways, dams and other waterworks", "name": "Unknown", "info": "21511-Berthing Structure", "damage_gra": "No visible damage", "det_method": "Not Applicable", "notation": "Not Applicable", "or_src_id": 994, "dmg_src_id": 997, "cd_value": "Not Applicable" }, "geometry": { "type": "LineString", "coordinates": [ [ -17.942568, 28.644117 ], [ -17.942115, 28.644395 ] ] } }
,
{ "type": "Feature", "properties": { "obj_type": "215-Harbours, waterways, dams and other waterworks", "name": "Unknown", "info": "21511-Berthing Structure", "damage_gra": "No visible damage", "det_method": "Not Applicable", "notation": "Not Applicable", "or_src_id": 994, "dmg_src_id": 997, "cd_value": "Not Applicable" }, "geometry": { "type": "LineString", "coordinates": [ [ -17.943790, 28.643557 ], [ -17.942779, 28.643825 ] ] } }
,
{ "type": "Feature", "properties": { "obj_type": "215-Harbours, waterways, dams and other waterworks", "name": "Unknown", "info": "21511-Berthing Structure", "damage_gra": "No visible damage", "det_method": "Not Applicable", "notation": "Not Applicable", "or_src_id": 994, "dmg_src_id": 997, "cd_value": "Not Applicable" }, "geometry": { "type": "LineString", "coordinates": [ [ -17.942771, 28.644386 ], [ -17.942330, 28.644661 ] ] } }
,
{ "type": "Feature", "properties": { "obj_type": "215-Harbours, waterways, dams and other waterworks", "name": "Unknown", "info": "21511-Berthing Structure", "damage_gra": "No visible damage", "det_method": "Not Applicable", "notation": "Not Applicable", "or_src_id": 994, "dmg_src_id": 997, "cd_value": "Not Applicable" }, "geometry": { "type": "LineString", "coordinates": [ [ -17.943020, 28.644242 ], [ -17.943941, 28.644005 ] ] } }
,
{ "type": "Feature", "properties": { "obj_type": "215-Harbours, waterways, dams and other waterworks", "name": "Unknown", "info": "21511-Berthing Structure", "damage_gra": "No visible damage", "det_method": "Not Applicable", "notation": "Not Applicable", "or_src_id": 994, "dmg_src_id": 997, "cd_value": "Not Applicable" }, "geometry": { "type": "LineString", "coordinates": [ [ -17.943337, 28.644574 ], [ -17.944063, 28.644387 ] ] } }
,
{ "type": "Feature", "properties": { "obj_type": "215-Harbours, waterways, dams and other waterworks", "name": "Unknown", "info": "21511-Berthing Structure", "damage_gra": "No visible damage", "det_method": "Not Applicable", "notation": "Not Applicable", "or_src_id": 994, "dmg_src_id": 997, "cd_value": "Not Applicable" }, "geometry": { "type": "LineString", "coordinates": [ [ -17.943358, 28.644986 ], [ -17.943340, 28.644923 ], [ -17.943318, 28.644849 ] ] } }
,
{ "type": "Feature", "properties": { "obj_type": "215-Harbours, waterways, dams and other waterworks", "name": "Unknown", "info": "21511-Berthing Structure", "damage_gra": "No visible damage", "det_method": "Not Applicable", "notation": "Not Applicable", "or_src_id": 994, "dmg_src_id": 997, "cd_value": "Not Applicable" }, "geometry": { "type": "LineString", "coordinates": [ [ -17.943543, 28.646054 ], [ -17.943468, 28.646101 ], [ -17.942921, 28.645416 ] ] } }
,
{ "type": "Feature", "properties": { "obj_type": "215-Harbours, waterways, dams and other waterworks", "name": "Unknown", "info": "21511-Berthing Structure", "damage_gra": "No visible damage", "det_method": "Not Applicable", "notation": "Not Applicable", "or_src_id": 994, "dmg_src_id": 997, "cd_value": "Not Applicable" }, "geometry": { "type": "LineString", "coordinates": [ [ -17.943340, 28.644923 ], [ -17.944175, 28.644712 ] ] } }
,
{ "type": "Feature", "properties": { "obj_type": "215-Harbours, waterways, dams and other waterworks", "name": "Unknown", "info": "21511-Berthing Structure", "damage_gra": "No visible damage", "det_method": "Not Applicable", "notation": "Not Applicable", "or_src_id": 994, "dmg_src_id": 997, "cd_value": "Not Applicable" }, "geometry": { "type": "LineString", "coordinates": [ [ -17.943303, 28.645255 ], [ -17.944275, 28.644996 ] ] } }
,
{ "type": "Feature", "properties": { "obj_type": "215-Harbours, waterways, dams and other waterworks", "name": "Unknown", "info": "21511-Berthing Structure", "damage_gra": "No visible damage", "det_method": "Not Applicable", "notation": "Not Applicable", "or_src_id": 994, "dmg_src_id": 997, "cd_value": "Not Applicable" }, "geometry": { "type": "LineString", "coordinates": [ [ -17.943500, 28.645479 ], [ -17.944362, 28.645254 ] ] } }
,
{ "type": "Feature", "properties": { "obj_type": "215-Harbours, waterways, dams and other waterworks", "name": "Unknown", "info": "21511-Berthing Structure", "damage_gra": "No visible damage", "det_method": "Not Applicable", "notation": "Not Applicable", "or_src_id": 994, "dmg_src_id": 997, "cd_value": "Not Applicable" }, "geometry": { "type": "LineString", "coordinates": [ [ -17.943641, 28.645693 ], [ -17.944443, 28.645487 ] ] } }
,
{ "type": "Feature", "properties": { "obj_type": "215-Harbours, waterways, dams and other waterworks", "name": "Unknown", "info": "21511-Berthing Structure", "damage_gra": "No visible damage", "det_method": "Not Applicable", "notation": "Not Applicable", "or_src_id": 994, "dmg_src_id": 997, "cd_value": "Not Applicable" }, "geometry": { "type": "LineString", "coordinates": [ [ -17.943834, 28.645878 ], [ -17.944362, 28.645741 ] ] } }
,
{ "type": "Feature", "properties": { "obj_type": "215-Harbours, waterways, dams and other waterworks", "name": "Unknown", "info": "21511-Berthing Structure", "damage_gra": "No visible damage", "det_method": "Not Applicable", "notation": "Not Applicable", "or_src_id": 994, "dmg_src_id": 997, "cd_value": "Not Applicable" }, "geometry": { "type": "LineString", "coordinates": [ [ -17.943959, 28.646067 ], [ -17.944277, 28.645974 ] ] } }
,
{ "type": "Feature", "properties": { "obj_type": "215-Harbours, waterways, dams and other waterworks", "name": "Unknown", "info": "21511-Berthing Structure", "damage_gra": "No visible damage", "det_method": "Not Applicable", "notation": "Not Applicable", "or_src_id": 994, "dmg_src_id": 997, "cd_value": "Not Applicable" }, "geometry": { "type": "LineString", "coordinates": [ [ -17.943929, 28.646443 ], [ -17.943914, 28.646279 ] ] } }
,
{ "type": "Feature", "properties": { "obj_type": "215-Harbours, waterways, dams and other waterworks", "name": "Unknown", "info": "21511-Berthing Structure", "damage_gra": "No visible damage", "det_method": "Not Applicable", "notation": "Not Applicable", "or_src_id": 994, "dmg_src_id": 997, "cd_value": "Not Applicable" }, "geometry": { "type": "LineString", "coordinates": [ [ -17.943727, 28.646465 ], [ -17.943929, 28.646443 ], [ -17.944079, 28.646433 ] ] } }
,
{ "type": "Feature", "properties": { "obj_type": "215-Harbours, waterways, dams and other waterworks", "name": "Unknown", "info": "21511-Berthing Structure", "damage_gra": "No visible damage", "det_method": "Not Applicable", "notation": "Not Applicable", "or_src_id": 994, "dmg_src_id": 997, "cd_value": "Not Applicable" }, "geometry": { "type": "LineString", "coordinates": [ [ -17.944061, 28.646311 ], [ -17.944079, 28.646433 ] ] } }
,
{ "type": "Feature", "properties": { "obj_type": "215-Harbours, waterways, dams and other waterworks", "name": "Unknown", "info": "21511-Berthing Structure", "damage_gra": "No visible damage", "det_method": "Not Applicable", "notation": "Not Applicable", "or_src_id": 994, "dmg_src_id": 997, "cd_value": "Not Applicable" }, "geometry": { "type": "LineString", "coordinates": [ [ -17.764135, 28.566870 ], [ -17.764110, 28.567041 ] ] } }
,
{ "type": "Feature", "properties": { "obj_type": "215-Harbours, waterways, dams and other waterworks", "name": "Unknown", "info": "21511-Berthing Structure", "damage_gra": "No visible damage", "det_method": "Not Applicable", "notation": "Not Applicable", "or_src_id": 994, "dmg_src_id": 997, "cd_value": "Not Applicable" }, "geometry": { "type": "LineString", "coordinates": [ [ -17.767740, 28.678228 ], [ -17.766235, 28.678426 ] ] } }
,
{ "type": "Feature", "properties": { "obj_type": "215-Harbours, waterways, dams and other waterworks", "name": "Unknown", "info": "21511-Berthing Structure", "damage_gra": "No visible damage", "det_method": "Not Applicable", "notation": "Not Applicable", "or_src_id": 994, "dmg_src_id": 997, "cd_value": "Not Applicable" }, "geometry": { "type": "LineString", "coordinates": [ [ -17.767480, 28.678743 ], [ -17.767469, 28.678678 ], [ -17.767457, 28.678595 ] ] } }
,
{ "type": "Feature", "properties": { "obj_type": "215-Harbours, waterways, dams and other waterworks", "name": "Unknown", "info": "21511-Berthing Structure", "damage_gra": "No visible damage", "det_method": "Not Applicable", "notation": "Not Applicable", "or_src_id": 994, "dmg_src_id": 997, "cd_value": "Not Applicable" }, "geometry": { "type": "LineString", "coordinates": [ [ -17.766499, 28.679305 ], [ -17.766481, 28.679192 ] ] } }
,
{ "type": "Feature", "properties": { "obj_type": "215-Harbours, waterways, dams and other waterworks", "name": "Unknown", "info": "21511-Berthing Structure", "damage_gra": "No visible damage", "det_method": "Not Applicable", "notation": "Not Applicable", "or_src_id": 994, "dmg_src_id": 997, "cd_value": "Not Applicable" }, "geometry": { "type": "LineString", "coordinates": [ [ -17.767469, 28.678678 ], [ -17.766287, 28.678833 ] ] } }
,
{ "type": "Feature", "properties": { "obj_type": "215-Harbours, waterways, dams and other waterworks", "name": "Unknown", "info": "21511-Berthing Structure", "damage_gra": "No visible damage", "det_method": "Not Applicable", "notation": "Not Applicable", "or_src_id": 994, "dmg_src_id": 997, "cd_value": "Not Applicable" }, "geometry": { "type": "LineString", "coordinates": [ [ -17.766989, 28.679247 ], [ -17.766967, 28.679130 ] ] } }
,
{ "type": "Feature", "properties": { "obj_type": "215-Harbours, waterways, dams and other waterworks", "name": "Unknown", "info": "21511-Berthing Structure", "damage_gra": "No visible damage", "det_method": "Not Applicable", "notation": "Not Applicable", "or_src_id": 994, "dmg_src_id": 997, "cd_value": "Not Applicable" }, "geometry": { "type": "LineString", "coordinates": [ [ -17.767109, 28.679233 ], [ -17.767091, 28.679115 ] ] } }
,
{ "type": "Feature", "properties": { "obj_type": "215-Harbours, waterways, dams and other waterworks", "name": "Unknown", "info": "21511-Berthing Structure", "damage_gra": "No visible damage", "det_method": "Not Applicable", "notation": "Not Applicable", "or_src_id": 994, "dmg_src_id": 997, "cd_value": "Not Applicable" }, "geometry": { "type": "LineString", "coordinates": [ [ -17.766625, 28.679291 ], [ -17.766605, 28.679176 ] ] } }
,
{ "type": "Feature", "properties": { "obj_type": "215-Harbours, waterways, dams and other waterworks", "name": "Unknown", "info": "21511-Berthing Structure", "damage_gra": "No visible damage", "det_method": "Not Applicable", "notation": "Not Applicable", "or_src_id": 994, "dmg_src_id": 997, "cd_value": "Not Applicable" }, "geometry": { "type": "LineString", "coordinates": [ [ -17.766745, 28.679277 ], [ -17.766723, 28.679163 ] ] } }
,
{ "type": "Feature", "properties": { "obj_type": "215-Harbours, waterways, dams and other waterworks", "name": "Unknown", "info": "21511-Berthing Structure", "damage_gra": "No visible damage", "det_method": "Not Applicable", "notation": "Not Applicable", "or_src_id": 994, "dmg_src_id": 997, "cd_value": "Not Applicable" }, "geometry": { "type": "LineString", "coordinates": [ [ -17.766867, 28.679261 ], [ -17.766847, 28.679146 ] ] } }
,
{ "type": "Feature", "properties": { "obj_type": "215-Harbours, waterways, dams and other waterworks", "name": "Unknown", "info": "21511-Berthing Structure", "damage_gra": "No visible damage", "det_method": "Not Applicable", "notation": "Not Applicable", "or_src_id": 994, "dmg_src_id": 997, "cd_value": "Not Applicable" }, "geometry": { "type": "LineString", "coordinates": [ [ -17.767756, 28.678301 ], [ -17.767740, 28.678228 ], [ -17.767725, 28.678134 ] ] } }
,
{ "type": "Feature", "properties": { "obj_type": "215-Harbours, waterways, dams and other waterworks", "name": "Unknown", "info": "21514-Navigable canals", "damage_gra": "No visible damage", "det_method": "Not Applicable", "notation": "Not Applicable", "or_src_id": 994, "dmg_src_id": 997, "cd_value": "Not Applicable" }, "geometry": { "type": "LineString", "coordinates": [ [ -17.949424, 28.808574 ], [ -17.949591, 28.808475 ], [ -17.949704, 28.808198 ], [ -17.949687, 28.808076 ], [ -17.949697, 28.807895 ], [ -17.949718, 28.807790 ], [ -17.949778, 28.807714 ], [ -17.949896, 28.807573 ], [ -17.950011, 28.807232 ], [ -17.950148, 28.807213 ], [ -17.950273, 28.807348 ], [ -17.950551, 28.807705 ] ] } }
,
{ "type": "Feature", "properties": { "obj_type": "215-Harbours, waterways, dams and other waterworks", "name": "Unknown", "info": "21514-Navigable canals", "damage_gra": "No visible damage", "det_method": "Not Applicable", "notation": "Not Applicable", "or_src_id": 994, "dmg_src_id": 997, "cd_value": "Not Applicable" }, "geometry": { "type": "LineString", "coordinates": [ [ -17.950551, 28.807705 ], [ -17.950743, 28.807886 ], [ -17.951037, 28.807949 ] ] } }
,
{ "type": "Feature", "properties": { "obj_type": "215-Harbours, waterways, dams and other waterworks", "name": "Unknown", "info": "21514-Navigable canals", "damage_gra": "No visible damage", "det_method": "Not Applicable", "notation": "Not Applicable", "or_src_id": 994, "dmg_src_id": 997, "cd_value": "Not Applicable" }, "geometry": { "type": "LineString", "coordinates": [ [ -17.951037, 28.807949 ], [ -17.951070, 28.807949 ], [ -17.951196, 28.807943 ], [ -17.951323, 28.807971 ], [ -17.951574, 28.808021 ], [ -17.951843, 28.807950 ], [ -17.952212, 28.807680 ], [ -17.952424, 28.807482 ], [ -17.952487, 28.807180 ] ] } }
,
{ "type": "Feature", "properties": { "obj_type": "215-Harbours, waterways, dams and other waterworks", "name": "Unknown", "info": "21514-Navigable canals", "damage_gra": "No visible damage", "det_method": "Not Applicable", "notation": "Not Applicable", "or_src_id": 994, "dmg_src_id": 997, "cd_value": "Not Applicable" }, "geometry": { "type": "LineString", "coordinates": [ [ -17.943955, 28.813406 ], [ -17.944143, 28.813247 ], [ -17.944405, 28.812904 ], [ -17.944574, 28.812823 ], [ -17.945000, 28.812805 ], [ -17.945329, 28.812634 ], [ -17.945527, 28.812332 ], [ -17.945787, 28.812284 ], [ -17.946127, 28.812310 ], [ -17.946272, 28.812279 ], [ -17.946479, 28.812161 ], [ -17.946812, 28.812042 ], [ -17.947126, 28.812017 ], [ -17.947266, 28.811991 ], [ -17.947381, 28.811877 ], [ -17.947404, 28.811726 ], [ -17.947233, 28.811557 ], [ -17.946960, 28.811391 ], [ -17.946734, 28.811349 ], [ -17.946642, 28.811310 ], [ -17.946553, 28.811187 ], [ -17.946481, 28.810915 ], [ -17.946424, 28.810735 ], [ -17.946504, 28.810682 ], [ -17.946629, 28.810711 ], [ -17.946861, 28.810805 ], [ -17.947015, 28.810800 ], [ -17.947268, 28.810744 ], [ -17.947452, 28.810707 ], [ -17.947677, 28.810662 ], [ -17.947797, 28.810614 ], [ -17.947879, 28.810544 ], [ -17.947900, 28.810449 ], [ -17.947866, 28.810225 ], [ -17.947893, 28.810146 ], [ -17.947965, 28.810116 ], [ -17.948071, 28.810130 ], [ -17.948197, 28.810167 ], [ -17.948348, 28.810186 ], [ -17.948478, 28.810180 ], [ -17.948629, 28.810136 ], [ -17.948769, 28.810031 ], [ -17.948870, 28.809880 ], [ -17.948896, 28.809780 ], [ -17.948834, 28.809621 ], [ -17.948693, 28.809448 ], [ -17.948287, 28.809082 ], [ -17.948279, 28.808945 ], [ -17.948332, 28.808855 ], [ -17.948447, 28.808828 ], [ -17.948882, 28.808815 ], [ -17.949123, 28.808767 ], [ -17.949277, 28.808685 ], [ -17.949424, 28.808574 ] ] } }
,
{ "type": "Feature", "properties": { "obj_type": "215-Harbours, waterways, dams and other waterworks", "name": "Unknown", "info": "21514-Navigable canals", "damage_gra": "No visible damage", "det_method": "Not Applicable", "notation": "Not Applicable", "or_src_id": 994, "dmg_src_id": 997, "cd_value": "Not Applicable" }, "geometry": { "type": "LineString", "coordinates": [ [ -17.944715, 28.816695 ], [ -17.944669, 28.816607 ], [ -17.944451, 28.816391 ], [ -17.944353, 28.816321 ], [ -17.944253, 28.816271 ], [ -17.944178, 28.816250 ], [ -17.944114, 28.816241 ], [ -17.944071, 28.816235 ], [ -17.944017, 28.816221 ], [ -17.943970, 28.816196 ], [ -17.943946, 28.816158 ], [ -17.943941, 28.816119 ], [ -17.943949, 28.816075 ], [ -17.944035, 28.816010 ], [ -17.944112, 28.815957 ], [ -17.944206, 28.815894 ], [ -17.944278, 28.815854 ], [ -17.944349, 28.815842 ], [ -17.944407, 28.815847 ], [ -17.944517, 28.815858 ], [ -17.944575, 28.815862 ], [ -17.944665, 28.815845 ] ] } }
,
{ "type": "Feature", "properties": { "obj_type": "215-Harbours, waterways, dams and other waterworks", "name": "Unknown", "info": "21514-Navigable canals", "damage_gra": "No visible damage", "det_method": "Not Applicable", "notation": "Not Applicable", "or_src_id": 994, "dmg_src_id": 997, "cd_value": "Not Applicable" }, "geometry": { "type": "LineString", "coordinates": [ [ -17.954365, 28.804981 ], [ -17.954512, 28.804913 ], [ -17.954584, 28.804911 ], [ -17.954686, 28.804920 ], [ -17.954749, 28.804934 ], [ -17.954850, 28.804948 ], [ -17.954935, 28.804952 ], [ -17.955018, 28.804942 ], [ -17.955133, 28.804943 ], [ -17.955265, 28.804938 ], [ -17.955351, 28.804912 ], [ -17.955443, 28.804905 ], [ -17.955558, 28.804922 ], [ -17.955707, 28.804957 ], [ -17.955782, 28.804953 ], [ -17.955880, 28.804913 ], [ -17.955901, 28.804798 ], [ -17.955868, 28.804650 ], [ -17.955765, 28.804474 ], [ -17.955613, 28.804183 ], [ -17.955541, 28.803973 ], [ -17.955513, 28.803739 ], [ -17.955551, 28.803620 ], [ -17.955587, 28.803596 ], [ -17.955695, 28.803636 ], [ -17.955959, 28.803748 ], [ -17.956214, 28.803866 ], [ -17.956444, 28.803899 ], [ -17.956588, 28.803872 ], [ -17.956773, 28.803786 ], [ -17.957044, 28.803556 ], [ -17.957198, 28.803434 ], [ -17.957330, 28.803420 ], [ -17.957431, 28.803449 ], [ -17.957973, 28.803771 ], [ -17.958173, 28.803866 ] ] } }
,
{ "type": "Feature", "properties": { "obj_type": "215-Harbours, waterways, dams and other waterworks", "name": "Unknown", "info": "21514-Navigable canals", "damage_gra": "No visible damage", "det_method": "Not Applicable", "notation": "Not Applicable", "or_src_id": 994, "dmg_src_id": 997, "cd_value": "Not Applicable" }, "geometry": { "type": "LineString", "coordinates": [ [ -17.958173, 28.803866 ], [ -17.958261, 28.803884 ], [ -17.958407, 28.803807 ], [ -17.958661, 28.803676 ], [ -17.958688, 28.803589 ], [ -17.958613, 28.803381 ], [ -17.958491, 28.803177 ], [ -17.958384, 28.803055 ], [ -17.958356, 28.802938 ], [ -17.958455, 28.802848 ], [ -17.958667, 28.802829 ], [ -17.958756, 28.802810 ], [ -17.958861, 28.802669 ], [ -17.958996, 28.802480 ], [ -17.959046, 28.802290 ], [ -17.959068, 28.802048 ], [ -17.959049, 28.801815 ], [ -17.958953, 28.801525 ], [ -17.958926, 28.801438 ], [ -17.958979, 28.801287 ], [ -17.959085, 28.801148 ], [ -17.959226, 28.801093 ], [ -17.959654, 28.801049 ], [ -17.959800, 28.801037 ], [ -17.959884, 28.800994 ], [ -17.959915, 28.800923 ], [ -17.959922, 28.800839 ], [ -17.959812, 28.800673 ], [ -17.959720, 28.800564 ], [ -17.959672, 28.800522 ], [ -17.959547, 28.800481 ], [ -17.959392, 28.800446 ], [ -17.959164, 28.800358 ], [ -17.959049, 28.800319 ], [ -17.958943, 28.800225 ], [ -17.958831, 28.800111 ] ] } }
,
{ "type": "Feature", "properties": { "obj_type": "215-Harbours, waterways, dams and other waterworks", "name": "Unknown", "info": "21514-Navigable canals", "damage_gra": "No visible damage", "det_method": "Not Applicable", "notation": "Not Applicable", "or_src_id": 994, "dmg_src_id": 997, "cd_value": "Not Applicable" }, "geometry": { "type": "LineString", "coordinates": [ [ -17.960153, 28.797990 ], [ -17.960119, 28.797917 ], [ -17.960081, 28.797815 ], [ -17.960035, 28.797720 ], [ -17.960007, 28.797645 ], [ -17.959974, 28.797583 ], [ -17.959932, 28.797510 ], [ -17.959932, 28.797429 ], [ -17.959940, 28.797380 ], [ -17.959984, 28.797320 ], [ -17.960020, 28.797287 ], [ -17.960046, 28.797238 ], [ -17.960051, 28.797188 ], [ -17.960031, 28.797133 ], [ -17.959995, 28.797058 ], [ -17.959968, 28.796982 ], [ -17.960006, 28.796912 ], [ -17.960062, 28.796879 ], [ -17.960162, 28.796873 ], [ -17.960411, 28.796989 ], [ -17.960618, 28.797116 ], [ -17.960708, 28.797204 ], [ -17.960752, 28.797329 ], [ -17.960811, 28.797351 ], [ -17.960893, 28.797364 ], [ -17.961019, 28.797368 ], [ -17.961218, 28.797390 ], [ -17.961395, 28.797434 ], [ -17.961543, 28.797515 ], [ -17.961706, 28.797633 ], [ -17.961862, 28.797726 ], [ -17.962034, 28.797807 ], [ -17.962183, 28.797871 ], [ -17.962333, 28.797846 ], [ -17.962360, 28.797795 ] ] } }
,
{ "type": "Feature", "properties": { "obj_type": "215-Harbours, waterways, dams and other waterworks", "name": "Unknown", "info": "21514-Navigable canals", "damage_gra": "No visible damage", "det_method": "Not Applicable", "notation": "Not Applicable", "or_src_id": 994, "dmg_src_id": 997, "cd_value": "Not Applicable" }, "geometry": { "type": "LineString", "coordinates": [ [ -17.780115, 28.758741 ], [ -17.780095, 28.758744 ], [ -17.780074, 28.758760 ] ] } }
,
{ "type": "Feature", "properties": { "obj_type": "215-Harbours, waterways, dams and other waterworks", "name": "Unknown", "info": "21514-Navigable canals", "damage_gra": "No visible damage", "det_method": "Not Applicable", "notation": "Not Applicable", "or_src_id": 994, "dmg_src_id": 997, "cd_value": "Not Applicable" }, "geometry": { "type": "LineString", "coordinates": [ [ -17.780185, 28.758802 ], [ -17.780151, 28.758780 ], [ -17.780115, 28.758741 ] ] } }
,
{ "type": "Feature", "properties": { "obj_type": "215-Harbours, waterways, dams and other waterworks", "name": "Unknown", "info": "21514-Navigable canals", "damage_gra": "No visible damage", "det_method": "Not Applicable", "notation": "Not Applicable", "or_src_id": 994, "dmg_src_id": 997, "cd_value": "Not Applicable" }, "geometry": { "type": "LineString", "coordinates": [ [ -17.780074, 28.758760 ], [ -17.780059, 28.758783 ], [ -17.780059, 28.758829 ], [ -17.780080, 28.758892 ], [ -17.780069, 28.758948 ] ] } }
,
{ "type": "Feature", "properties": { "obj_type": "215-Harbours, waterways, dams and other waterworks", "name": "Unknown", "info": "21514-Navigable canals", "damage_gra": "No visible damage", "det_method": "Not Applicable", "notation": "Not Applicable", "or_src_id": 994, "dmg_src_id": 997, "cd_value": "Not Applicable" }, "geometry": { "type": "LineString", "coordinates": [ [ -17.776792, 28.763253 ], [ -17.776656, 28.763194 ] ] } }
,
{ "type": "Feature", "properties": { "obj_type": "215-Harbours, waterways, dams and other waterworks", "name": "Unknown", "info": "21514-Navigable canals", "damage_gra": "No visible damage", "det_method": "Not Applicable", "notation": "Not Applicable", "or_src_id": 994, "dmg_src_id": 997, "cd_value": "Not Applicable" }, "geometry": { "type": "LineString", "coordinates": [ [ -17.776876, 28.763362 ], [ -17.776792, 28.763253 ] ] } }
,
{ "type": "Feature", "properties": { "obj_type": "215-Harbours, waterways, dams and other waterworks", "name": "Unknown", "info": "21514-Navigable canals", "damage_gra": "No visible damage", "det_method": "Not Applicable", "notation": "Not Applicable", "or_src_id": 994, "dmg_src_id": 997, "cd_value": "Not Applicable" }, "geometry": { "type": "LineString", "coordinates": [ [ -17.777064, 28.763520 ], [ -17.776876, 28.763362 ] ] } }
,
{ "type": "Feature", "properties": { "obj_type": "215-Harbours, waterways, dams and other waterworks", "name": "Unknown", "info": "21514-Navigable canals", "damage_gra": "No visible damage", "det_method": "Not Applicable", "notation": "Not Applicable", "or_src_id": 994, "dmg_src_id": 997, "cd_value": "Not Applicable" }, "geometry": { "type": "LineString", "coordinates": [ [ -17.794836, 28.676774 ], [ -17.794870, 28.676731 ], [ -17.794878, 28.676692 ] ] } }
,
{ "type": "Feature", "properties": { "obj_type": "215-Harbours, waterways, dams and other waterworks", "name": "Unknown", "info": "21514-Navigable canals", "damage_gra": "No visible damage", "det_method": "Not Applicable", "notation": "Not Applicable", "or_src_id": 994, "dmg_src_id": 997, "cd_value": "Not Applicable" }, "geometry": { "type": "LineString", "coordinates": [ [ -17.794878, 28.676692 ], [ -17.794849, 28.676650 ] ] } }
,
{ "type": "Feature", "properties": { "obj_type": "215-Harbours, waterways, dams and other waterworks", "name": "Unknown", "info": "21514-Navigable canals", "damage_gra": "No visible damage", "det_method": "Not Applicable", "notation": "Not Applicable", "or_src_id": 994, "dmg_src_id": 997, "cd_value": "Not Applicable" }, "geometry": { "type": "LineString", "coordinates": [ [ -17.794849, 28.676650 ], [ -17.794803, 28.676614 ], [ -17.794698, 28.676562 ], [ -17.794627, 28.676510 ], [ -17.794552, 28.676433 ], [ -17.794511, 28.676390 ], [ -17.794457, 28.676352 ], [ -17.794404, 28.676346 ] ] } }
,
{ "type": "Feature", "properties": { "obj_type": "215-Harbours, waterways, dams and other waterworks", "name": "Unknown", "info": "21514-Navigable canals", "damage_gra": "No visible damage", "det_method": "Not Applicable", "notation": "Not Applicable", "or_src_id": 994, "dmg_src_id": 997, "cd_value": "Not Applicable" }, "geometry": { "type": "LineString", "coordinates": [ [ -17.792010, 28.620481 ], [ -17.791975, 28.620432 ], [ -17.791882, 28.620452 ], [ -17.791815, 28.620433 ], [ -17.791776, 28.620405 ], [ -17.791739, 28.620388 ], [ -17.791697, 28.620335 ], [ -17.791669, 28.620274 ] ] } }
,
{ "type": "Feature", "properties": { "obj_type": "215-Harbours, waterways, dams and other waterworks", "name": "Galería Tacote", "info": "21514-Navigable canals", "damage_gra": "No visible damage", "det_method": "Not Applicable", "notation": "Not Applicable", "or_src_id": 994, "dmg_src_id": 997, "cd_value": "Not Applicable" }, "geometry": { "type": "LineString", "coordinates": [ [ -17.852904, 28.708219 ], [ -17.852632, 28.708267 ] ] } }
,
{ "type": "Feature", "properties": { "obj_type": "215-Harbours, waterways, dams and other waterworks", "name": "Unknown", "info": "2152-Dams", "damage_gra": "No visible damage", "det_method": "Not Applicable", "notation": "Not Applicable", "or_src_id": 994, "dmg_src_id": 997, "cd_value": "Not Applicable" }, "geometry": { "type": "LineString", "coordinates": [ [ -17.792034, 28.706540 ], [ -17.791956, 28.706585 ], [ -17.791849, 28.706647 ] ] } }
,
{ "type": "Feature", "properties": { "obj_type": "215-Harbours, waterways, dams and other waterworks", "name": "Unknown", "info": "2152-Dams", "damage_gra": "No visible damage", "det_method": "Not Applicable", "notation": "Not Applicable", "or_src_id": 994, "dmg_src_id": 997, "cd_value": "Not Applicable" }, "geometry": { "type": "LineString", "coordinates": [ [ -17.935958, 28.649787 ], [ -17.935699, 28.649531 ] ] } }

]
}
