<metadata xml:lang="it"><Esri><CreaDate>20170206</CreaDate><CreaTime>14204500</CreaTime><ArcGISFormat>1.0</ArcGISFormat><SyncOnce>FALSE</SyncOnce><DataProperties><lineage><Process ToolSource="c:\program files (x86)\arcgis\desktop10.1\ArcToolbox\Toolboxes\Data Management Tools.tbx\CreateFeatureclass" Date="20170206" Time="142045">CreateFeatureclass C:\dev\newdatamodel\new_giodatamodel_06022017_v4.gdb A1_area_of_interest_a POLYGON # DISABLED DISABLED "GEOGCS['GCS_WGS_1984',DATUM['D_WGS_1984',SPHEROID['WGS_1984',6378137.0,298.257223563]],PRIMEM['Greenwich',0.0],UNIT['Degree',0.0174532925199433]];-400 -400 1000000000;-100000 10000;-100000 10000;8.98315284119522E-09;0.001;0.001;IsHighPrecision" # 0 0 0</Process><Process ToolSource="c:\program files (x86)\arcgis\desktop10.1\ArcToolbox\Toolboxes\Data Management Tools.tbx\AddField" Date="20170206" Time="142046">AddField C:\dev\newdatamodel\new_giodatamodel_06022017_v4.gdb\A1_area_of_interest_a emsr_id TEXT # # 255 "Activation Identifier" NULLABLE NON_REQUIRED #</Process><Process ToolSource="c:\program files (x86)\arcgis\desktop10.1\ArcToolbox\Toolboxes\Data Management Tools.tbx\AddField" Date="20170206" Time="142046">AddField C:\dev\newdatamodel\new_giodatamodel_06022017_v4.gdb\A1_area_of_interest_a glide_no TEXT # # 255 "GLIDE No" NULLABLE NON_REQUIRED #</Process><Process ToolSource="c:\program files (x86)\arcgis\desktop10.1\ArcToolbox\Toolboxes\Data Management Tools.tbx\AddField" Date="20170206" Time="142047">AddField C:\dev\newdatamodel\new_giodatamodel_06022017_v4.gdb\A1_area_of_interest_a area_id TEXT # # 255 "Product Id" NULLABLE NON_REQUIRED #</Process><Process ToolSource="c:\program files (x86)\arcgis\desktop10.1\ArcToolbox\Toolboxes\Data Management Tools.tbx\AddField" Date="20170206" Time="142048">AddField C:\dev\newdatamodel\new_giodatamodel_06022017_v4.gdb\A1_area_of_interest_a locality TEXT # # 255 Locality NULLABLE NON_REQUIRED #</Process><Process ToolSource="c:\program files (x86)\arcgis\desktop10.1\ArcToolbox\Toolboxes\Data Management Tools.tbx\AddField" Date="20170206" Time="142049">AddField C:\dev\newdatamodel\new_giodatamodel_06022017_v4.gdb\A1_area_of_interest_a map_type TEXT # # 255 "Map Type" NULLABLE NON_REQUIRED #</Process><Process ToolSource="c:\program files (x86)\arcgis\desktop10.1\ArcToolbox\Toolboxes\Data Management Tools.tbx\AssignDefaultToField" Date="20170206" Time="142500">AssignDefaultToField C:\dev\newdatamodel\new_giodatamodel_06022017_v4.gdb\A1_area_of_interest_a emsr_id EMSRXXX #</Process><Process ToolSource="c:\program files (x86)\arcgis\desktop10.1\ArcToolbox\Toolboxes\Data Management Tools.tbx\AssignDefaultToField" Date="20170206" Time="142501">AssignDefaultToField C:\dev\newdatamodel\new_giodatamodel_06022017_v4.gdb\A1_area_of_interest_a glide_no "Not Applicable" #</Process><Process ToolSource="c:\program files (x86)\arcgis\desktop10.1\ArcToolbox\Toolboxes\Data Management Tools.tbx\AssignDefaultToField" Date="20170206" Time="142502">AssignDefaultToField C:\dev\newdatamodel\new_giodatamodel_06022017_v4.gdb\A1_area_of_interest_a area_id NN #</Process><Process ToolSource="c:\program files (x86)\arcgis\desktop10.1\ArcToolbox\Toolboxes\Data Management Tools.tbx\AssignDefaultToField" Date="20170206" Time="142502">AssignDefaultToField C:\dev\newdatamodel\new_giodatamodel_06022017_v4.gdb\A1_area_of_interest_a locality Locality #</Process><Process ToolSource="c:\program files (x86)\arcgis\desktop10.1\ArcToolbox\Toolboxes\Data Management Tools.tbx\AssignDefaultToField" Date="20170206" Time="142503">AssignDefaultToField C:\dev\newdatamodel\new_giodatamodel_06022017_v4.gdb\A1_area_of_interest_a map_type "Delineation Monit 01" #</Process><Process ToolSource="c:\program files (x86)\arcgis\desktop10.4\ArcToolbox\Toolboxes\Analysis Tools.tbx\Clip" Date="20210921" Time="044354">Clip GPL0 GPL1 D:\ARCIERO\EMSR546\temp\temp_01.gdb\A1_area_of_interest_a_0 #</Process><Process ToolSource="c:\program files (x86)\arcgis\desktop10.4\ArcToolbox\Toolboxes\Data Management Tools.tbx\Rename" Date="20210921" Time="044355">Rename D:\ARCIERO\EMSR546\temp\temp_01.gdb\A1_area_of_interest_a_0 D:\ARCIERO\EMSR546\temp\temp_01.gdb\A1_area_of_interest_a FeatureClass</Process><Process ToolSource="c:\program files (x86)\arcgis\desktop10.4\ArcToolbox\Toolboxes\Data Management Tools.tbx\DeleteIdentical" Date="20210921" Time="044355">DeleteIdentical D:\ARCIERO\EMSR546\temp\temp_01.gdb\A1_area_of_interest_a Shape;emsr_id;glide_no;area_id;locality;map_type # 0</Process><Process ToolSource="c:\program files (x86)\arcgis\desktop10.4\ArcToolbox\Toolboxes\Data Management Tools.tbx\AddField" Date="20210921" Time="044356">AddField D:\ARCIERO\EMSR546\temp\temp_01.gdb\A1_area_of_interest_a desc__map_type TEXT # # 22 # NULLABLE NON_REQUIRED #</Process><Process ToolSource="c:\program files (x86)\arcgis\desktop10.4\ArcToolbox\Toolboxes\Conversion Tools.tbx\FeatureClassToFeatureClass" Date="20210921" Time="044357">FeatureClassToFeatureClass D:\ARCIERO\EMSR546\temp\temp_01.gdb\A1_area_of_interest_a D:\ARCIERO\EMSR546\EMSR546\AOI01\GRA\PRODUCT\v1\VECTOR EMSR546_AOI01_GRA_PRODUCT_areaOfInterestA_r1_v1 # "emsr_id "Activation Identifier" true true false 255 Text 0 0 ,First,#,D:\ARCIERO\EMSR546\temp\temp_01.gdb\A1_area_of_interest_a,emsr_id,-1,-1;glide_no "GLIDE No" true true false 255 Text 0 0 ,First,#,D:\ARCIERO\EMSR546\temp\temp_01.gdb\A1_area_of_interest_a,glide_no,-1,-1;area_id "Product Id" true true false 255 Text 0 0 ,First,#,D:\ARCIERO\EMSR546\temp\temp_01.gdb\A1_area_of_interest_a,area_id,-1,-1;locality "Locality" true true false 255 Text 0 0 ,First,#,D:\ARCIERO\EMSR546\temp\temp_01.gdb\A1_area_of_interest_a,locality,-1,-1;map_type "desc__map_type" true true false 22 Text 0 0 ,First,#,D:\ARCIERO\EMSR546\temp\temp_01.gdb\A1_area_of_interest_a,desc__map_type,-1,-1" #</Process></lineage><itemProps><itemName Sync="TRUE">EMSR546_AOI01_GRA_PRODUCT_areaOfInterestA_r1_v1</itemName><imsContentType Sync="TRUE">002</imsContentType><itemLocation><linkage Sync="TRUE">file://\\EMPS04-W10\D\ARCIERO\EMSR546\EMSR546\AOI01\GRA\PRODUCT\v1\VECTOR\EMSR546_AOI01_GRA_PRODUCT_areaOfInterestA_r1_v1.shp</linkage><protocol Sync="TRUE">Local Area Network</protocol></itemLocation><itemSize Sync="TRUE">0.000</itemSize></itemProps><coordRef><type Sync="TRUE">Geographic</type><geogcsn Sync="TRUE">GCS_WGS_1984</geogcsn><csUnits Sync="TRUE">Angular Unit: Degree (0.017453)</csUnits><peXml Sync="TRUE">&lt;GeographicCoordinateSystem xsi:type='typens:GeographicCoordinateSystem' xmlns:xsi='http://www.w3.org/2001/XMLSchema-instance' xmlns:xs='http://www.w3.org/2001/XMLSchema' xmlns:typens='http://www.esri.com/schemas/ArcGIS/10.4'&gt;&lt;WKT&gt;GEOGCS[&amp;quot;GCS_WGS_1984&amp;quot;,DATUM[&amp;quot;D_WGS_1984&amp;quot;,SPHEROID[&amp;quot;WGS_1984&amp;quot;,6378137.0,298.257223563]],PRIMEM[&amp;quot;Greenwich&amp;quot;,0.0],UNIT[&amp;quot;Degree&amp;quot;,0.0174532925199433],AUTHORITY[&amp;quot;EPSG&amp;quot;,4326]]&lt;/WKT&gt;&lt;XOrigin&gt;-400&lt;/XOrigin&gt;&lt;YOrigin&gt;-400&lt;/YOrigin&gt;&lt;XYScale&gt;11258999068426.238&lt;/XYScale&gt;&lt;ZOrigin&gt;-100000&lt;/ZOrigin&gt;&lt;ZScale&gt;10000&lt;/ZScale&gt;&lt;MOrigin&gt;-100000&lt;/MOrigin&gt;&lt;MScale&gt;10000&lt;/MScale&gt;&lt;XYTolerance&gt;8.983152841195215e-009&lt;/XYTolerance&gt;&lt;ZTolerance&gt;0.001&lt;/ZTolerance&gt;&lt;MTolerance&gt;0.001&lt;/MTolerance&gt;&lt;HighPrecision&gt;true&lt;/HighPrecision&gt;&lt;LeftLongitude&gt;-180&lt;/LeftLongitude&gt;&lt;WKID&gt;4326&lt;/WKID&gt;&lt;LatestWKID&gt;4326&lt;/LatestWKID&gt;&lt;/GeographicCoordinateSystem&gt;</peXml></coordRef></DataProperties><SyncDate>20210921</SyncDate><SyncTime>04435600</SyncTime><ModDate>20210921</ModDate><ModTime>04435600</ModTime></Esri><dataIdInfo><envirDesc Sync="TRUE"> Version 6.2 (Build 9200) ; Esri ArcGIS 10.4.1.5686</envirDesc><dataLang><languageCode value="ita" Sync="TRUE"></languageCode><countryCode value="ITA" Sync="TRUE"></countryCode></dataLang><idCitation><resTitle Sync="TRUE">EMSR546_AOI01_GRA_PRODUCT_areaOfInterestA_r1_v1</resTitle><presForm><PresFormCd value="005" Sync="TRUE"></PresFormCd></presForm></idCitation><spatRpType><SpatRepTypCd value="001" Sync="TRUE"></SpatRepTypCd></spatRpType></dataIdInfo><mdLang><languageCode value="ita" Sync="TRUE"></languageCode><countryCode value="ITA" Sync="TRUE"></countryCode></mdLang><distInfo><distFormat><formatName Sync="TRUE">Shapefile</formatName></distFormat><distTranOps><transSize Sync="TRUE">0.000</transSize></distTranOps></distInfo><mdHrLv><ScopeCd value="005" Sync="TRUE"></ScopeCd></mdHrLv><mdHrLvName Sync="TRUE">dataset</mdHrLvName><refSysInfo><RefSystem><refSysID><identCode code="4326" Sync="TRUE"></identCode><idCodeSpace Sync="TRUE">EPSG</idCodeSpace><idVersion Sync="TRUE">6.14(3.0.1)</idVersion></refSysID></RefSystem></refSysInfo><spatRepInfo><VectSpatRep><geometObjs Name="EMSR546_AOI01_GRA_PRODUCT_areaOfInterestA_r1_v1"><geoObjTyp><GeoObjTypCd value="002" Sync="TRUE"></GeoObjTypCd></geoObjTyp><geoObjCnt Sync="TRUE">0</geoObjCnt></geometObjs><topLvl><TopoLevCd value="001" Sync="TRUE"></TopoLevCd></topLvl></VectSpatRep></spatRepInfo><spdoinfo><ptvctinf><esriterm Name="EMSR546_AOI01_GRA_PRODUCT_areaOfInterestA_r1_v1"><efeatyp Sync="TRUE">Simple</efeatyp><efeageom code="4" Sync="TRUE"></efeageom><esritopo Sync="TRUE">FALSE</esritopo><efeacnt Sync="TRUE">0</efeacnt><spindex Sync="TRUE">FALSE</spindex><linrefer Sync="TRUE">FALSE</linrefer></esriterm></ptvctinf></spdoinfo><eainfo><detailed Name="EMSR546_AOI01_GRA_PRODUCT_areaOfInterestA_r1_v1"><enttyp><enttypl Sync="TRUE">EMSR546_AOI01_GRA_PRODUCT_areaOfInterestA_r1_v1</enttypl><enttypt Sync="TRUE">Feature Class</enttypt><enttypc Sync="TRUE">0</enttypc></enttyp><attr><attrlabl Sync="TRUE">FID</attrlabl><attalias Sync="TRUE">FID</attalias><attrtype Sync="TRUE">OID</attrtype><attwidth Sync="TRUE">4</attwidth><atprecis Sync="TRUE">0</atprecis><attscale Sync="TRUE">0</attscale><attrdef Sync="TRUE">Internal feature number.</attrdef><attrdefs Sync="TRUE">Esri</attrdefs><attrdomv><udom Sync="TRUE">Sequential unique whole numbers that are automatically generated.</udom></attrdomv></attr><attr><attrlabl Sync="TRUE">Shape</attrlabl><attalias Sync="TRUE">Shape</attalias><attrtype Sync="TRUE">Geometry</attrtype><attwidth Sync="TRUE">0</attwidth><atprecis Sync="TRUE">0</atprecis><attscale Sync="TRUE">0</attscale><attrdef Sync="TRUE">Feature geometry.</attrdef><attrdefs Sync="TRUE">Esri</attrdefs><attrdomv><udom Sync="TRUE">Coordinates defining the features.</udom></attrdomv></attr><attr><attrlabl Sync="TRUE">emsr_id</attrlabl><attalias Sync="TRUE">emsr_id</attalias><attrtype Sync="TRUE">String</attrtype><attwidth Sync="TRUE">254</attwidth><atprecis Sync="TRUE">0</atprecis><attscale Sync="TRUE">0</attscale></attr><attr><attrlabl Sync="TRUE">glide_no</attrlabl><attalias Sync="TRUE">glide_no</attalias><attrtype Sync="TRUE">String</attrtype><attwidth Sync="TRUE">254</attwidth><atprecis Sync="TRUE">0</atprecis><attscale Sync="TRUE">0</attscale></attr><attr><attrlabl Sync="TRUE">area_id</attrlabl><attalias Sync="TRUE">area_id</attalias><attrtype Sync="TRUE">String</attrtype><attwidth Sync="TRUE">254</attwidth><atprecis Sync="TRUE">0</atprecis><attscale Sync="TRUE">0</attscale></attr><attr><attrlabl Sync="TRUE">locality</attrlabl><attalias Sync="TRUE">locality</attalias><attrtype Sync="TRUE">String</attrtype><attwidth Sync="TRUE">254</attwidth><atprecis Sync="TRUE">0</atprecis><attscale Sync="TRUE">0</attscale></attr><attr><attrlabl Sync="TRUE">map_type</attrlabl><attalias Sync="TRUE">map_type</attalias><attrtype Sync="TRUE">String</attrtype><attwidth Sync="TRUE">22</attwidth><atprecis Sync="TRUE">0</atprecis><attscale Sync="TRUE">0</attscale></attr></detailed></eainfo><mdDateSt Sync="TRUE">20210921</mdDateSt></metadata>
