fid,state,district,pm10_2019,pm10_2020,relative_change
"1",Baden-Württemberg,Breisgau-Hochschwarzwald,15.7256922261033,18.5983836002277,-15.4459195802864
"2",Baden-Württemberg,Emmendingen,16.1748160265092,18.6096620925085,-13.0837736542217
"3",Baden-Württemberg,Freiburg,15.9610070060281,18.8376211475682,-15.2705807118931
"4",Baden-Württemberg,Konstanz,20.3031268264308,21.5215928935851,-5.66159797362134
"5",Baden-Württemberg,"Lörrach 
Lörrach 
",13.8646416205953,17.8501573531354,-22.327622405189
"6",Baden-Württemberg,Ortenaukreis,17.9689626076135,19.2737308341578,-6.76967130946925
"7",Baden-Württemberg,Rottweil,17.5634314392868,15.8517553798168,9.74568133446441
"8",Baden-Württemberg,Schwarzwald-Baar-Kreis,17.4650751089983,20.0285593816476,-12.7991445805046
"9",Baden-Württemberg,Tuttlingen,19.0294965204203,21.1410539890748,-9.98794795068271
"10",Baden-Württemberg,Waldshut,15.7713784430181,18.642193925147,-15.3995580866496
"11",Baden-Württemberg,Baden-Baden Städte,16.8770947549857,16.5046584628044,2.20675594696959
"12",Baden-Württemberg,Calw,19.8836154806655,22.2030690827937,-10.446544995555
"13",Baden-Württemberg,Enz,21.0435885431648,23.8113442978461,-11.6236854167519
"14",Baden-Württemberg,Freudenstadt,18.3495368866404,17.6141357322386,4.00773686521345
"15",Baden-Württemberg,Heidelberg Städte,18.2050598340157,19.9739097726756,-8.85580218791081
"16",Baden-Württemberg,Karlsruhe Städte,19.6108809837928,22.9298126361988,-14.4743077715623
"17",Baden-Württemberg,Karlsruhe,19.551487920248,22.7863661568546,-14.1965516324045
"18",Baden-Württemberg,Mannheim Städte,21.4614359415494,25.2873913361146,-15.1298935651817
"19",Baden-Württemberg,Neckar-Odenwald-Kreis,20.1551684671612,20.831907963621,-3.24857184297104
"20",Baden-Württemberg,Pforzheim Städte,20.7088055928548,24.0468554863563,-13.8814403213569
"21",Baden-Württemberg,Rastatt,17.7084992456348,17.9984157746097,-1.61078915280895
"22",Baden-Württemberg,Rhein-Neckar-Kreis,18.8920512974796,20.6019369136787,-8.29963523994588
"23",Baden-Württemberg,Böblingen,20.6937708241138,22.3278265215687,-7.31847184443336
"24",Baden-Württemberg,Esslingen,22.4893359535619,24.4731726292857,-8.10616876599743
"25",Baden-Württemberg,Göppingen,21.5410635183597,22.3395691030607,-3.57440011943472
"26",Baden-Württemberg,Heidenheim,20.0595925999108,20.3481300228932,-1.41800461594149
"27",Baden-Württemberg,Heilbronn city Städte,23.2222733864417,23.8720223563058,-2.72180111163655
"28",Baden-Württemberg,Heilbronn,22.6796703818891,23.6526100515921,-4.1134558409443
"29",Baden-Württemberg,Hohenlohe,21.2737568665916,21.6090333327995,-1.55155698565683
"30",Baden-Württemberg,Ludwigsburg,23.6844600098138,23.6481710594066,0.153218398866418
"31",Baden-Württemberg,Main-Tauber,19.316090223033,18.7363125591112,3.00152700276015
"32",Baden-Württemberg,Ostalbkreis,19.9983349801847,20.3553129515132,-1.75373364280308
"33",Baden-Württemberg,Rems-Murr-Kreis,22.8713569365573,23.9412933961562,-4.46900024110925
"34",Baden-Württemberg,Schwäbisch Hall,20.7459346223761,21.0165041208676,-1.28741439078304
"35",Baden-Württemberg,Stuttgart Städte,23.800921504562,25.6570855409671,-7.23450850815216
"36",Baden-Württemberg,Alb-Donau,20.9835852588095,21.4380364756372,-2.11983600897469
"37",Baden-Württemberg,Biberach,21.1416085280624,21.1066734076202,0.165243436401033
"38",Baden-Württemberg,Bodensee,19.5029887788615,20.635047416687,-5.48609661497595
"39",Baden-Württemberg,Ravensburg,19.4968834868056,19.8815422512958,-1.93475314755913
"40",Baden-Württemberg,Reutlingen,20.1506680816111,21.7433305034098,-7.32483195961589
"41",Baden-Württemberg,Sigmaringen,19.5019222263901,20.6419850436124,-5.52302898589235
"42",Baden-Württemberg,Tübingen,21.7886371969539,22.7094604974941,-4.05480042399846
"43",Baden-Württemberg,Ulm Städte,21.1400627973603,21.7691672035817,-2.88988733624096
"44",Baden-Württemberg,Zollernalbkreis,19.7727934423699,20.9371980738739,-5.56141575102623
"45",Bayern,Ansbach Städte,20.4084990092686,22.9890079739728,-11.2249687660541
"46",Bayern,Ansbach,20.5152192964308,22.2212018717998,-7.67727409710487
"47",Bayern,Erlangen-Höchstadt,20.1160178579055,21.8678759067794,-8.0111029362974
"48",Bayern,Erlangen Städte,20.6778212095562,22.6624304652214,-8.75726572536375
"49",Bayern,Fürth Städte,19.9758254341457,22.2065880695979,-10.0454992386075
"50",Bayern,Fürth,20.7523821173774,22.4197766182354,-7.43715929578805
"51",Bayern,Nürnberger Land,21.6657994492849,21.7384264042737,-0.334094812743958
"52",Bayern,Neustadt-Bad Windsheim,21.0532063731061,21.4871447475783,-2.01952553291688
"53",Bayern,Nuremberg Städte,23.0166320800781,24.201021559695,-4.8939648134084
"54",Bayern,Roth,20.4777247774089,20.474102305145,0.0176898180986218
"55",Bayern,Schwabach Städte,19.9664723873138,19.4036816188267,2.8186790213613
"56",Bayern,Weißenburg-Gunzenhausen,20.7626412763434,21.2493646530637,-2.29053143313692
"57",Bayern,Deggendorf,20.3179426208447,18.8313566653314,7.316616565243
"58",Bayern,Dingolfing-Landau,20.3533209737939,19.3911950429281,4.72712012012509
"59",Bayern,Freyung-Grafenau,20.8615417157189,19.0417829532596,8.72303105521753
"60",Bayern,Kelheim,20.8590159650305,18.88971107776,9.44102488138464
"61",Bayern,Landshut Städte,20.6918738174438,19.9056728436397,3.79956392901155
"62",Bayern,Landshut,20.71304757956,19.8210211454119,4.30659192338462
"63",Bayern,Passau Städte,20.8893302834552,19.0707679505044,8.70569955223113
"64",Bayern,Passau,20.7987651966498,19.0551214045044,8.38340053200029
"65",Bayern,Regen,19.7517057291667,18.1254069957046,8.23371285377413
"66",Bayern,Rottal-Inn,19.7472198113151,18.9526822337831,4.02354146621051
"67",Bayern,Straubing-Bogen,20.0321580978081,18.8028283189178,6.13678153341257
"68",Bayern,Straubing Städte,20.4681242097099,19.2120060239519,6.13694822685343
"69",Bayern,Altötting,19.3750391907034,18.782831506368,3.05654960749444
"70",Bayern,Bad Tölz-Wolfratshausen,18.8614122095242,19.0294099042516,-0.882831866950246
"71",Bayern,Berchtesgadener Land,19.4106854877884,18.4775881857242,4.80713214714219
"72",Bayern,Dachau,21.7406395765451,21.4794993541138,1.20116163791732
"73",Bayern,Ebersberg,20.6205715721634,20.3543901331284,1.29085383546918
"74",Bayern,Eichstätt,19.6436105732504,19.9721547147061,-1.64501099730501
"75",Bayern,Erding,20.6374972254556,20.2138004302979,2.05304349906882
"76",Bayern,Fürstenfeldbruck,20.3298051691211,20.2108579987571,0.585087605977634
"77",Bayern,Freising,20.851673070025,20.6082731739859,1.16729192531332
"78",Bayern,Garmisch-Partenkirchen,8.50324289911637,10.2418311061169,-16.9753649419407
"79",Bayern,Ingolstadt Städte,18.9873502177577,19.8811616336598,-4.49577058107539
"80",Bayern,Landsberg,19.4322649296276,19.1848991425057,1.27296425824661
"81",Bayern,Mühldorf,19.6739926263819,18.9192456340483,3.83626753687768
"82",Bayern,München,21.3700437207312,21.2703353554649,0.466580071474004
"83",Bayern,Miesbach,20.2638450035682,18.7854455868769,7.29574972780806
"84",Bayern,Munich Städte,21.9928421122687,21.8740409597816,0.540180991072625
"85",Bayern,Neuburg-Schrobenhausen,20.5654434399171,20.5651205408449,0.00157010508049655
"86",Bayern,Pfaffenhofen,19.9437417513274,20.2504572011657,-1.51461000011711
"87",Bayern,Rosenheim Städte,19.266571191641,16.0891521275043,16.4918761752232
"88",Bayern,Rosenheim,19.4762336764387,17.2525261979125,11.4175436353298
"89",Bayern,Starnberg,17.4017112842505,18.258075216765,-4.69032974367558
"90",Bayern,Traunstein,19.1406825190933,18.1839427981054,4.99846188887701
"91",Bayern,Weilheim-Schongau,15.1730909663593,15.9834458620513,-5.06996365293143
"92",Bayern,Bamberg Städte,16.4964567510093,19.0882089402941,-13.5777651920695
"93",Bayern,Bamberg,17.9164620193781,19.3044971844684,-7.19021662064902
"94",Bayern,Bayreuth Städte,23.238252600845,21.4078502655029,7.87667802214843
"95",Bayern,Bayreuth,22.2565600587549,20.7809716232209,6.62990341561567
"96",Bayern,Coburg Städte,17.2634871800741,16.353287935257,5.27239505739994
"97",Bayern,Coburg,17.2241458870797,16.5684374170164,3.80691428394839
"98",Bayern,Forchheim,20.4388917488388,21.4015727323644,-4.49817868791405
"99",Bayern,Hof Städte,21.5025933005593,18.5390874984417,13.7820855405407
"100",Bayern,Hof,21.1986604385145,18.8688633405039,10.9903033956702
"101",Bayern,Kronach,19.0298923527608,17.759348985803,6.67656623277457
"102",Bayern,Kulmbach,20.0000362900214,19.116641787975,4.4169644956454
"103",Bayern,Lichtenfels,18.2357562870174,18.4691283448229,-1.26357916545015
"104",Bayern,Wunsiedel,21.2942848425815,18.5028836338531,13.1086872809484
"105",Bayern,Amberg-Sulzbach,21.106708412461,19.8346957622036,6.02657991667908
"106",Bayern,Amberg Städte,21.0155470921443,19.7692578633626,5.93032017352308
"107",Bayern,Cham,17.019207753487,15.7521270322669,7.44500413634421
"108",Bayern,Neumarkt,20.9062007689572,20.1589926520059,3.57409806405739
"109",Bayern,Neustadt,19.6466197527519,18.1480807567373,7.62746474901707
"110",Bayern,Regensburg Städte,23.2094041561258,21.9618451956547,5.37523045434098
"111",Bayern,Regensburg,22.2571265475695,20.7677982914804,6.69146690120091
"112",Bayern,Schwandorf,18.986406097269,17.6863301785953,6.84740393739223
"113",Bayern,Tirschenreuth,20.4277918983319,17.9349587801183,12.2031452573061
"114",Bayern,Weiden Städte,19.8214711948317,18.191219367233,8.22467621890644
"115",Bayern,Aichach-Friedberg,22.4085105469129,21.2842579046885,5.01707884542691
"116",Bayern,Augsburg Städte,22.0496064354392,20.8858433113442,5.27793150187266
"117",Bayern,Augsburg,22.3534036087193,21.2329433845125,5.01248151654957
"118",Bayern,Dillingen,21.6413126542982,21.114552181018,2.43405047417728
"119",Bayern,Donau-Ries,21.5539632658185,21.394474642892,0.739950332843975
"120",Bayern,Günzburg,21.0605989105004,20.8660570589701,0.923724212958149
"121",Bayern,Kaufbeuren Städte,17.7169729048206,17.0264268065944,3.89765284360919
"122",Bayern,Kempten Städte,13.7717671394348,12.516360642775,9.11579816844976
"123",Bayern,Lindau,17.5952095877531,18.0902650256117,-2.73658477174166
"124",Bayern,Memmingen Städte,20.1353576594386,20.1301924283387,0.0256525420963484
"125",Bayern,Neu-Ulm,20.2445417465048,20.6164183473587,-1.80378858533196
"126",Bayern,Oberallgäu,13.9661670548958,12.7842418631158,8.46277426823219
"127",Bayern,Ostallgäu,14.7433871835888,14.1814777662525,3.81126406258795
"128",Bayern,Unterallgäu,20.0147583345048,19.5712465614487,2.21592369812158
"129",Bayern,Aschaffenburg Städte,18.314619794805,19.4331891353314,-5.7559741364978
"130",Bayern,Aschaffenburg,18.5990044896654,19.415139200066,-4.20359958273084
"131",Bayern,Bad Kissingen,23.4948774486192,17.8495584862793,24.0278714995877
"132",Bayern,Haßberge,22.8653188459166,18.6442382773325,18.4606241313706
"133",Bayern,Kitzingen,24.6027329109403,19.6327672595237,20.2008682100781
"134",Bayern,Main-Spessart,20.0843538861397,19.2663303269483,4.07293938270988
"135",Bayern,Miltenberg,18.1343139512709,18.9303384217503,-4.20501975582677
"136",Bayern,Rhön-Grabfeld,18.3255273588144,15.8752776284775,13.3706915078671
"137",Bayern,Schweinfurt Städte,35.6931472505842,18.4646589491102,48.2683361613397
"138",Bayern,Schweinfurt,33.139624805877,18.5879195265133,43.9102897652092
"139",Bayern,Würzburg Städte,20.7993770079179,20.468887083871,1.58894145685753
"140",Bayern,Würzburg,20.6354383178668,19.7819938238017,4.13581955914236
"141",Berlin,Berlin,26.117792530918,20.3113431509803,22.2317769507665
"142",Brandenburg,Barnim,27.198367707204,17.8966794689809,34.1994355630369
"143",Brandenburg,Brandenburg an der Havel Städte,26.0429313168204,15.7521025120527,39.514863667137
"144",Brandenburg,Cottbus Städte,27.4978683504284,17.9591404497623,34.6889721745193
"145",Brandenburg,Dahme-Spreewald,25.3766667469829,18.296731171357,27.8993913827066
"146",Brandenburg,Elbe-Elster,26.3419779118991,19.3715352400522,26.4613488598295
"147",Brandenburg,Frankfurt am Oder Städte,28.324813339927,15.9196894886048,43.79595975602
"148",Brandenburg,Havelland,26.0681899562368,17.7003044704692,32.0999866113282
"149",Brandenburg,Märkisch-Oderland,26.2357663163816,17.0753384343097,34.9158007111543
"150",Brandenburg,Oberhavel,23.3750679042883,16.9886936432437,27.3213078447271
"151",Brandenburg,Oberspreewald-Lausitz,25.0401985544269,17.6598754140544,29.4739002341807
"152",Brandenburg,Oder-Spree,26.5062978609048,16.7742190041084,36.7161001052155
"153",Brandenburg,Ostprignitz-Ruppin,22.4861803282553,16.258913911213,27.693749343535
"154",Brandenburg,Potsdam-Mittelmark,24.2238504282993,16.0198347537114,33.867512924385
"155",Brandenburg,Potsdam Städte,26.7764206376187,18.1292967953525,32.2938004272225
"156",Brandenburg,Prignitz,22.8259727118235,14.1867326173388,37.8482888924586
"157",Brandenburg,Spree-Neiße,27.209188546566,17.6541074232488,35.1171116586759
"158",Brandenburg,Teltow-Fläming,26.1241818399353,19.464832610342,25.4911302883881
"159",Brandenburg,Uckermark,25.0957036620508,16.1856260877557,35.5043942751393
"160",Bremen,Bremen Städte,22.1634064094693,18.2269603446678,17.7610155770986
"161",Bremen,Bremerhaven,23.0167540534068,18.2425793965658,20.7421717491672
"162",Hamburg,Hamburg Städte,24.8638576352499,18.3744828177661,26.0996298831911
"163",Hessen,Bergstraße,17.9378615322589,19.6960632635899,-8.9266657392456
"164",Hessen,Darmstadt-Dieburg,18.6905672187805,20.0511248143037,-6.78544275258114
"165",Hessen,Darmstadt Städte,20.7440488121726,21.2929882495961,-2.57802911920506
"166",Hessen,Frankfurt am Main Städte,19.6313441998392,21.3262749002941,-7.94761723919949
"167",Hessen,Groß-Gerau,17.2678670276295,21.271606061741,-18.8219875005706
"168",Hessen,Hochtaunuskreis,16.1343881354844,17.8729477867561,-9.72732462498421
"169",Hessen,Main-Kinzig-Kreis,18.9925610829326,19.2743981345868,-1.46223529101294
"170",Hessen,Main-Taunus-Kreis Städte,17.8341449477969,20.8186262637208,-14.3356304019195
"171",Hessen,Odenwaldkreis,16.341723524826,17.4243558318813,-6.21332758295995
"172",Hessen,Offenbach am Main Städte,22.6575857050279,25.6238934488008,-11.576334992572
"173",Hessen,Offenbach,19.5270422642048,21.0133294162019,-7.07306834894611
"174",Hessen,Rheingau-Taunus-Kreis,18.9715509711233,20.5186496628336,-7.53996348264901
"175",Hessen,Wetteraukreis,19.0273320475235,19.3410172653635,-1.62186514564434
"176",Hessen,Wiesbaden Städte,19.5489350465628,21.2610873245611,-8.05298549345807
"177",Hessen,Gießen,20.5315803653198,18.7557218640479,8.64939994717367
"178",Hessen,Lahn-Dill-Kreis,18.8720652831728,18.4843880599483,2.05423845990057
"179",Hessen,Limburg-Weilburg,19.3535447728484,20.9070747929543,-7.43064266756924
"180",Hessen,Marburg-Biedenkopf,20.8435446374849,18.9513545407395,9.07806291902238
"181",Hessen,Vogelsbergkreis,19.9308931249762,19.1775131804573,3.77996078647782
"182",Hessen,Fulda,18.4411932666906,18.0181836345056,2.29383004704523
"183",Hessen,Hersfeld-Rotenburg,19.5172344592478,19.1502103556003,1.88051285859113
"184",Hessen,Kassel Städte,20.1215011500105,20.6240395910946,-2.43666348129531
"185",Hessen,Kassel,17.3167120159165,17.0434520796557,1.57801282373722
"186",Hessen,Schwalm-Eder-Kreis,18.530174982722,18.2692332853754,1.40819877626591
"187",Hessen,Waldeck-Frankenberg,17.5554722976955,15.9445627869972,9.17611035112794
"188",Hessen,Werra-Meißner-Kreis,17.9736053315267,17.2413165878831,4.07424515079966
"189",Mecklenburg-Vorpommern,Bad Doberan,27.4122687525719,15.8138095284774,42.3111976932094
"190",Mecklenburg-Vorpommern,Demmin,25.5374695138858,15.3616309901516,39.8466986644904
"191",Mecklenburg-Vorpommern,Güstrow,25.1806021677258,14.3487525046826,43.0166426954096
"192",Mecklenburg-Vorpommern,Greifswald Städte,24.7062421945425,11.9171635171641,51.7645645042831
"193",Mecklenburg-Vorpommern,Ludwigslust,25.7025494088548,20.0818688302851,21.8681831485297
"194",Mecklenburg-Vorpommern,Müritz,22.8760286925496,13.6940603030542,40.1379475122175
"195",Mecklenburg-Vorpommern,Mecklenburg-Strelitz,23.9792928206906,15.2644671566121,36.3431304219234
"196",Mecklenburg-Vorpommern,Neubrandenburg Städte,26.3629716055734,16.7394639300062,36.5038805926291
"197",Mecklenburg-Vorpommern,Nordvorpommern,23.7264146932857,13.6013101007735,42.6743978110503
"198",Mecklenburg-Vorpommern,Nordwestmecklenburg,27.7537530255846,17.017118526141,38.685342805876
"199",Mecklenburg-Vorpommern,Ostvorpommern,24.9932986858279,13.7073295498009,45.1559807206504
"200",Mecklenburg-Vorpommern,Parchim,25.5321946773101,15.0022526896959,41.2418208489218
"201",Mecklenburg-Vorpommern,Rügen,24.6417578612866,11.3568635644172,53.9121209276252
"202",Mecklenburg-Vorpommern,Rostock Städte,26.6374998445864,15.0181316667133,43.6203406688505
"203",Mecklenburg-Vorpommern,Schwerin Städte,27.4829323178246,16.0707115275519,41.5247567410085
"204",Mecklenburg-Vorpommern,Stralsund Städte,27.3321954727173,14.8954400743757,45.5022188420825
"205",Mecklenburg-Vorpommern,Uecker-Randow,23.2940334575932,15.2431602866015,34.5619541830242
"206",Mecklenburg-Vorpommern,Wismar Städte,30.806600516183,17.7489154403274,42.3859979909055
"207",Niedersachsen,Braunschweig Städte,19.1256668926918,16.1644761016945,15.4828106523637
"208",Niedersachsen,Göttingen,18.8961257600339,17.3980418525938,7.92799501053578
"209",Niedersachsen,Gifhorn,18.1801762470157,14.8608142622147,18.2581397435345
"210",Niedersachsen,Goslar,18.6618879692227,14.271611200922,23.5253623617352
"211",Niedersachsen,Helmstedt,19.3497585296631,16.2241100083191,16.1534239125124
"212",Niedersachsen,Northeim,18.295470515434,15.8931315355182,13.1307854470821
"213",Niedersachsen,Osterode,19.9617697906494,15.1756546554849,23.9764068284491
"214",Niedersachsen,Peine,19.4228707077924,15.3580847718981,20.9278329503762
"215",Niedersachsen,Salzgitter Städte,18.0779325517557,14.7135092248308,18.6106642299548
"216",Niedersachsen,Wolfenbüttel,18.9731163316774,15.5980086638257,17.7888946067158
"217",Niedersachsen,Wolfsburg Städte,18.5179183865771,15.1710564757502,18.0736400331738
"218",Niedersachsen,Diepholz,22.4373962021843,18.5956190167871,17.122205940381
"219",Niedersachsen,Hamelin-Pyrmont,18.9804324949941,15.8450274439,16.5191443973736
"220",Niedersachsen,Hanover,20.5229507692602,16.9576158562685,17.3724283270806
"221",Niedersachsen,Hildesheim,23.5777044023786,16.6721296310425,29.2885798103376
"222",Niedersachsen,Holzminden,17.0117358649219,14.3107876602892,15.8769700286848
"223",Niedersachsen,Nienburg,20.7753047392753,17.2994646388408,16.7306335288721
"224",Niedersachsen,Schaumburg,18.5431333577191,15.3023896571183,17.4767858165232
"225",Niedersachsen,Celle,20.246741205933,16.3252867152182,19.3683242692197
"226",Niedersachsen,Cuxhaven,21.5722465515137,16.7703590680743,22.2595614785538
"227",Niedersachsen,Harburg,23.636000800551,17.9748482721408,23.9513975997083
"228",Niedersachsen,Osterholz,21.7824553522824,18.0643655328988,17.0691951814056
"229",Niedersachsen,Rotenburg,21.6829400059704,17.088665336005,21.1884304835985
"230",Niedersachsen,Soltau-Fallingbostel,20.4909474274208,16.5262807764159,19.3483813525354
"231",Niedersachsen,Stade,21.9102954722465,15.6755667802586,28.4557033924321
"232",Niedersachsen,Verden,21.1126476587393,17.4758469575927,17.2256969373578
"233",Niedersachsen,Lüchow-Dannenberg,18.6250593724877,13.6770498889927,26.5664091831248
"234",Niedersachsen,Lüneburg,20.8904348667957,16.7125397218446,19.9990817404747
"235",Niedersachsen,Uelzen,18.7942630364535,14.8356504570528,21.0628773882889
"236",Niedersachsen,Ammerland,22.2273326956707,17.1504596774318,22.8406758820316
"237",Niedersachsen,Aurich,20.2475311188885,15.6846632877183,22.5354281683933
"238",Niedersachsen,Cloppenburg,21.0759314275168,17.6198383895211,16.3982932373913
"239",Niedersachsen,Emden Städte,21.2041920555962,15.2634930001928,28.0166253909944
"240",Niedersachsen,Emsland,20.6748111491648,18.2488661291392,11.7338194894398
"241",Niedersachsen,Friesland,19.7166129102205,14.3874346245911,27.0288731127189
"242",Niedersachsen,Grafschaft Bentheim,21.3263560078939,20.2401010913613,5.09348580756351
"243",Niedersachsen,Leer,21.0897177624702,16.3484768856429,22.4812912634824
"244",Niedersachsen,Oldenburg Städte,23.6247916588416,17.2226640140309,27.0991919728305
"245",Niedersachsen,Oldenburg,22.7220467010774,17.9603216298153,20.9564091382506
"246",Niedersachsen,Osnabrück Städte,21.1105872620928,18.5527308276881,12.1164627144111
"247",Niedersachsen,Osnabrück,21.7509359744446,19.2022663193998,11.717517158982
"248",Niedersachsen,Vechta,21.9202702739091,18.5593807012589,15.3323363747506
"249",Niedersachsen,Wesermarsch,21.8856159944712,17.2541111531465,21.162323429666
"250",Niedersachsen,Wilhelmshaven Städte,18.9529229384202,13.5883516735501,28.3047173372684
"251",Niedersachsen,Wittmund,19.7651466793484,15.1605268549538,23.2966640677944
"252",Nordrhein-Westfalen,Bochum Städte,22.558109193478,22.184860982393,1.65460769731951
"253",Nordrhein-Westfalen,Dortmund Städte,25.4414609302984,24.4960656207541,3.7159631364505
"254",Nordrhein-Westfalen,Ennepe-Ruhr,23.9195959377594,22.7816777384953,4.75726346809945
"255",Nordrhein-Westfalen,Hagen Städte,27.4010623772939,25.9526584166333,5.28594089060144
"256",Nordrhein-Westfalen,Hamm Städte,23.6580838241146,23.4625115237393,0.826661625807341
"257",Nordrhein-Westfalen,Herne Städte,24.128061852804,24.1552530288696,-0.112568376050904
"258",Nordrhein-Westfalen,Hochsauerlandkreis,22.2615850163745,25.3482453380499,-12.1770177008745
"259",Nordrhein-Westfalen,Märkischer Kreis,24.2036710117326,23.7277094220358,1.96648512312893
"260",Nordrhein-Westfalen,Olpe,19.5083776646435,19.3177094377603,0.977365879217804
"261",Nordrhein-Westfalen,Siegen-Wittgenstein,17.8396646617885,17.1614693490656,3.801614691646
"262",Nordrhein-Westfalen,Soest,23.7650591272886,27.6073482718703,-13.9176320258787
"263",Nordrhein-Westfalen,Unna,24.1267484320215,23.8336094459791,1.21499582452394
"264",Nordrhein-Westfalen,Cleves,24.8682201389591,26.8144867623055,-7.25826543166351
"265",Nordrhein-Westfalen,Düsseldorf Städte,23.2885937109226,25.5299026807149,-8.77915203133688
"266",Nordrhein-Westfalen,Duisburg Städte,24.7914498509587,26.4669110434396,-6.33039945511944
"267",Nordrhein-Westfalen,Essen Städte,25.5568176174756,25.9723248762243,-1.59980772121421
"268",Nordrhein-Westfalen,Krefeld Städte,25.3455697227927,26.1910186064871,-3.22801070243594
"269",Nordrhein-Westfalen,Mönchengladbach Städte,23.6033250455503,25.6511034997518,-7.98319828315094
"270",Nordrhein-Westfalen,Mülheim Städte,26.4199750043344,26.1594704667183,0.986013565771198
"271",Nordrhein-Westfalen,Mettmann,22.5207914776272,24.0553064203119,-6.37911201741738
"272",Nordrhein-Westfalen,Oberhausen Städte,25.4131430910345,26.7152323366991,-4.8739581571069
"273",Nordrhein-Westfalen,Remscheid Städte,22.7303701809474,22.7434075263239,-0.0573236238296407
"274",Nordrhein-Westfalen,Rhein-Kreis Neuss,24.477519721467,27.712038661064,-11.6718909754609
"275",Nordrhein-Westfalen,Solingen Städte,20.8830157518387,22.1015785604283,-5.51346504620909
"276",Nordrhein-Westfalen,Viersen,24.4142435082483,26.9226165655637,-9.31697352375395
"277",Nordrhein-Westfalen,Wesel,25.3485770648336,26.7520612627097,-5.24626563947223
"278",Nordrhein-Westfalen,Wuppertal Städte,22.8195564977584,23.0156494729659,-0.851998443223647
"279",Nordrhein-Westfalen,Bielefeld Städte,26.1515429706108,22.9126122527652,12.3852375421424
"280",Nordrhein-Westfalen,Gütersloh,24.9272174181831,22.5077329183266,9.70619567867067
"281",Nordrhein-Westfalen,Höxter,17.3571377115975,15.393403360135,11.3136992060069
"282",Nordrhein-Westfalen,Herford,24.7959264612746,21.5948763122559,12.9095807491526
"283",Nordrhein-Westfalen,Lippe,20.7570570941831,17.8337287494114,14.0835395475734
"284",Nordrhein-Westfalen,Minden-Lübbecke,21.8956525493086,18.7660341972483,14.2933321809545
"285",Nordrhein-Westfalen,Paderborn,21.9393167989508,20.5316072492834,6.41637824262034
"286",Nordrhein-Westfalen,Aachen Städte,23.9743625516814,21.7538632026085,9.26197451250738
"287",Nordrhein-Westfalen,Aachen,21.805529268997,20.5096129861335,5.94306272907596
"288",Nordrhein-Westfalen,Bonn Städte,23.0142123248126,25.5103835407485,-9.78492233152322
"289",Nordrhein-Westfalen,Cologne Städte,23.8515907965208,25.3186602563214,-5.79441978741477
"290",Nordrhein-Westfalen,Düren,27.3937770573255,29.6664216406312,-7.66066299075686
"291",Nordrhein-Westfalen,Euskirchen,21.7292933977261,22.5150780502555,-3.49003743524916
"292",Nordrhein-Westfalen,Heinsberg,24.9050756170395,25.7812885397732,-3.3986389833928
"293",Nordrhein-Westfalen,Leverkusen Städte,21.2560767189401,24.1000325339181,-11.8006306048568
"294",Nordrhein-Westfalen,Oberbergischer Kreis,21.9230667777445,22.122236772017,-0.900315805879399
"295",Nordrhein-Westfalen,Rhein-Erft-Kreis,24.5137924802989,26.3268786768971,-6.88682550958546
"296",Nordrhein-Westfalen,Rhein-Sieg,20.1456578441951,21.302381938463,-5.43002232149164
"297",Nordrhein-Westfalen,Rheinisch-Bergischer Kreis,22.4386500018185,23.799331810105,-5.71731096966693
"298",Nordrhein-Westfalen,Borken,23.1224622373228,25.0102240456475,-7.54796040562966
"299",Nordrhein-Westfalen,Bottrop Städte,24.5604320183778,25.9641034331503,-5.40620021171332
"300",Nordrhein-Westfalen,Coesfeld,24.3692467102298,25.0567813746679,-2.74390654632596
"301",Nordrhein-Westfalen,Gelsenkirchen Städte,25.0012758230861,25.314930525693,-1.23901071855032
"302",Nordrhein-Westfalen,Münster Städte,22.9842046320183,22.9768603017011,0.0319538153907901
"303",Nordrhein-Westfalen,Recklinghausen,24.758702507214,25.838094837658,-4.177522906491
"304",Nordrhein-Westfalen,Steinfurt,22.3033412091673,21.3573029861399,4.2416883378822
"305",Nordrhein-Westfalen,Warendorf,22.8731753940564,22.5118259398692,1.57979575621603
"306",Rheinland-Pfalz,Ahrweiler,21.5376142269383,23.0220319926739,-6.44781384287869
"307",Rheinland-Pfalz,Altenkirchen,16.3327540714248,17.1877055891187,-4.97420387649133
"308",Rheinland-Pfalz,Bad Kreuznach,18.1357280734118,18.6493236609868,-2.75396361236097
"309",Rheinland-Pfalz,Birkenfeld,14.9181661047664,14.5464754328832,2.49153058943648
"310",Rheinland-Pfalz,Cochem-Zell,18.8507695354249,20.1292732974939,-6.35146506867805
"311",Rheinland-Pfalz,Koblenz Coblenz Städte,18.9928458569998,21.2140520687761,-10.4704476286527
"312",Rheinland-Pfalz,Mayen-Koblenz,20.0734569378985,22.0796393078502,-9.08611930648024
"313",Rheinland-Pfalz,Neuwied,19.0494981084263,20.6252612063759,-7.63996674845745
"314",Rheinland-Pfalz,Rhein-Hunsrück,17.4891011775379,19.5380464300843,-10.486950473162
"315",Rheinland-Pfalz,Rhein-Lahn,18.4067725351193,21.1932835189052,-13.1480852473861
"316",Rheinland-Pfalz,Westerwaldkreis,17.9287408476263,19.5493886017218,-8.29001759140804
"317",Rheinland-Pfalz,Alzey-Worms,19.9910248229083,21.612671260176,-7.50322076223786
"318",Rheinland-Pfalz,Bad Dürkheim,19.2406521526275,20.5299173655181,-6.27993376659201
"319",Rheinland-Pfalz,Donnersbergkreis,18.9220653591734,19.1211726904873,-1.04129246954058
"320",Rheinland-Pfalz,Frankenthal Städte,20.7637965909896,22.4492970668908,-7.50803230443702
"321",Rheinland-Pfalz,Germersheim,19.1101642372334,19.7990023835065,-3.47915583285604
"322",Rheinland-Pfalz,Kaiserslautern Städte,18.6292497049464,16.6601142000269,10.570127815704
"323",Rheinland-Pfalz,Kaiserslautern,17.8811895883523,16.3155864620209,8.75558708549931
"324",Rheinland-Pfalz,Kusel,17.4784451314217,15.9036165586174,9.01011823971166
"325",Rheinland-Pfalz,Landau Städte,17.1507370918989,17.7677529752254,-3.47267256690742
"326",Rheinland-Pfalz,Ludwigshafen Städte,21.7630567550659,24.246784274861,-10.2435337059116
"327",Rheinland-Pfalz,Mainz-Bingen,19.407806205334,20.8209540863668,-6.78714277535488
"328",Rheinland-Pfalz,Mainz Städte,20.512837515937,21.7341069493975,-5.61913786613806
"329",Rheinland-Pfalz,Neustadt Städte,19.3996572711251,20.9957731949656,-7.60208213824287
"330",Rheinland-Pfalz,Rhein-Pfalz-Kreis,20.4539290703668,22.3834672292074,-8.62037207677469
"331",Rheinland-Pfalz,Südliche Weinstraße,17.1331505661177,17.6317340973391,-2.82776230896434
"332",Rheinland-Pfalz,Südwestpfalz,16.2672876932475,15.5901471481604,4.16259033377885
"333",Rheinland-Pfalz,Speyer Spires Städte,18.1302394866943,18.7748574343595,-3.4334106126709
"334",Rheinland-Pfalz,Worms Städte,22.1140847033765,23.3866405487061,-5.44137941778888
"335",Rheinland-Pfalz,Zweibrücken Städte,17.8321597392742,16.0928553219499,9.75375076690014
"336",Rheinland-Pfalz,Bernkastel-Wittlich,17.3450250255463,17.8437615541707,-2.79501901608777
"337",Rheinland-Pfalz,Bitburg-Prüm,16.7901989093043,17.0762605098844,-1.67520049494755
"338",Rheinland-Pfalz,Trier-Saarburg,19.2234990737017,19.839561560832,-3.10522228649719
"339",Rheinland-Pfalz,Trier Städte,20.1956271452062,21.0249877505832,-3.94464251401997
"340",Rheinland-Pfalz,Vulkaneifel,18.7792019255021,19.4021329788313,-3.21063181047567
"341",Saarland,Merzig-Wadern,17.3339871476336,17.4919661021553,-0.903151501661367
"342",Saarland,Neunkirchen,20.1607445029802,18.2153705120087,9.64931622780093
"343",Saarland,Saarbrücken Städte,17.6448931694031,18.5887718316985,-5.07768168247623
"344",Saarland,Saarlouis,17.3595097987221,18.6119075698853,-6.72901349021062
"345",Saarland,Saarpfalz,18.5042267696113,17.0833108200746,7.67887233132161
"346",Saarland,Sankt Wendel,18.7500749615261,17.2035233580221,8.24824224264352
"347",Sachsen-Anhalt,Anhalt-Zerbst,21.366874876953,18.1497067265599,15.0568024988212
"348",Sachsen-Anhalt,Bernburg,21.6399889315092,18.7212351209166,13.4877786667563
"349",Sachsen-Anhalt,Bitterfeld,21.9295332952199,19.9540510584393,9.00831864584755
"350",Sachsen-Anhalt,Dessau Städte,21.7706067732402,19.4149976125578,10.8201355397127
"351",Sachsen-Anhalt,Köthen,21.2639234386837,19.2562165179885,9.44184607551187
"352",Sachsen-Anhalt,Wittenberg,22.3869511534686,18.7248619166834,16.3581419000763
"353",Sachsen-Anhalt,Aschersleben-Staßfurt,24.9400705348722,21.2257336292792,14.8930489206095
"354",Sachsen-Anhalt,Burgenlandkreis,22.1584352248877,19.4933106539542,12.0275847273733
"355",Sachsen-Anhalt,Halle Städte,28.283713604155,23.5329902193962,16.7966747621887
"356",Sachsen-Anhalt,Mansfelder Land,23.9939208718836,20.5925071288436,14.1761480385052
"357",Sachsen-Anhalt,Merseburg-Querfurt,23.6606707103033,20.2588611223014,14.3774858694962
"358",Sachsen-Anhalt,Saalkreis,26.4818210719062,23.162291199084,12.5351268850004
"359",Sachsen-Anhalt,Sangerhausen,19.1886646435055,17.0419862094678,11.1872215910775
"360",Sachsen-Anhalt,Weißenfels,22.1142403569715,19.2365357844861,13.0129026637726
"361",Sachsen-Anhalt,Altmarkkreis Salzwedel,17.4635495405135,13.7278299143154,21.3915253455873
"362",Sachsen-Anhalt,Bördekreis,23.071332489194,20.4846436303595,11.2117011882432
"363",Sachsen-Anhalt,Halberstadt,22.4492835670937,19.4868504033572,13.1961144990784
"364",Sachsen-Anhalt,Jerichower Land,20.4252612911999,16.8141888256731,17.6794431857899
"365",Sachsen-Anhalt,Magdeburg Städte,22.8457256825765,21.437177958633,6.16547595604624
"366",Sachsen-Anhalt,Ohrekreis,20.4956823586408,18.1195712906759,11.5932274241317
"367",Sachsen-Anhalt,Quedlinburg,20.2110777701691,17.3339845703562,14.2352289795224
"368",Sachsen-Anhalt,Schönebeck,21.0253956337715,18.9624920138423,9.81148538587148
"369",Sachsen-Anhalt,Stendal,19.9578919856811,14.6044748457097,26.8235600423746
"370",Sachsen-Anhalt,Wernigerode,18.9539602690756,16.175702272525,14.657928776412
"371",Sachsen,Annaberg,22.626802112998,17.4438539866743,22.9062335032591
"372",Sachsen,Aue-Schwarzenberg,20.3064216899872,16.0120827063883,21.1476893820066
"373",Sachsen,Chemnitz Städte,22.3322501409621,19.6836733279021,11.859874380513
"374",Sachsen,Chemnitzer Land,23.8536918085272,20.7970374088414,12.81417746243
"375",Sachsen,Freiberg,22.5089732490797,18.6210853758312,17.2726131495466
"376",Sachsen,Mittlerer Erzgebirgskreis,21.6676827152218,17.6030113173217,18.759142134958
"377",Sachsen,Mittweida,22.3665327101092,19.4819032068936,12.8970794919491
"378",Sachsen,Plauen Städte,22.1287719477778,18.8314510656863,14.9006049222837
"379",Sachsen,Stollberg,22.9883284184605,19.7022723491058,14.2944541662103
"380",Sachsen,Vogtlandkreis,20.8509228487146,17.3009017874978,17.0257263286342
"381",Sachsen,Zwickau Städte,24.0699102189806,19.6011216299874,18.5658714483664
"382",Sachsen,Zwickauer Land,23.2639778063493,19.2679845150188,17.1767413319998
"383",Sachsen,Bautzen,24.6896805256244,19.6516156627904,20.4055490212001
"384",Sachsen,Dresden Städte,22.5212035029458,18.8581053735825,16.2651082518045
"385",Sachsen,Görlitz Städte,25.3276140349252,20.6413499897924,18.5025878816328
"386",Sachsen,Kamenz,25.3415487712459,18.8862636638856,25.4731278093188
"387",Sachsen,Löbau-Zittau,24.6180789969267,21.9118600669482,10.9928111381733
"388",Sachsen,Meißen,22.459691399264,18.7919746042656,16.3302190123532
"389",Sachsen,Niederschlesischer Oberlausitzkreis,23.0390701314301,18.1175294396913,21.3617158316857
"390",Sachsen,Riesa-Großenhain,24.324870415223,19.0006778976238,21.8878556256037
"391",Sachsen,Sächsische Schweiz,23.5170847812546,19.2063177806843,18.3303629708659
"392",Sachsen,Weißeritzkreis,22.5985531711055,18.7737068949696,16.9251820998273
"393",Sachsen,Döbeln,20.6317298200881,17.479330945289,15.279372608543
"394",Sachsen,Delitzsch,23.6286294078827,21.0927697916209,10.7321485833446
"395",Sachsen,Leipzig Städte,25.6025370904955,23.0741178000846,9.87565912500742
"396",Sachsen,Leipziger Land,23.2722106918476,21.0818937369173,9.411727076266
"397",Sachsen,Muldentalkreis,21.8917871101674,19.0442870737432,13.0071611883238
"398",Sachsen,Torgau-Oschatz,20.4015574635,17.0754493646661,16.3032067761719
"399",Schleswig-Holstein,Dithmarschen,23.5058859929171,15.9370932128421,32.1995638979772
"400",Schleswig-Holstein,Flensburg Städte,28.1944282319811,18.9126231544896,32.9207068897501
"401",Schleswig-Holstein,Kiel Städte,27.4924163384871,17.9958508452591,34.5424911957762
"402",Schleswig-Holstein,Lübeck Städte,25.7517527146773,17.3287084154461,32.7086252829326
"403",Schleswig-Holstein,Lauenburg,23.9108426863519,17.9716624750155,24.8388577903463
"404",Schleswig-Holstein,Neumünster Städte,25.3210327665685,16.9606240590413,33.0176449933963
"405",Schleswig-Holstein,Nordfriesland,22.8450085529426,15.2117558805022,33.4132187114336
"406",Schleswig-Holstein,Ostholstein,25.8331283611217,17.3232376905588,32.9417736466255
"407",Schleswig-Holstein,Pinneberg,23.3440089061342,16.5560294979408,29.0780364053483
"408",Schleswig-Holstein,Plön,25.2173692023617,16.6569828976911,33.9463892366254
"409",Schleswig-Holstein,Rendsburg-Eckernförde,25.3053754409425,16.4839813082905,34.8597638997269
"410",Schleswig-Holstein,Schleswig-Flensburg,25.3683360348189,16.5321471113527,34.8315668451341
"411",Schleswig-Holstein,Segeberg,24.2016242831565,16.6357734068537,31.2617483346704
"412",Schleswig-Holstein,Steinburg,24.0259660609718,14.6853729397261,38.8770761497856
"413",Schleswig-Holstein,Stormarn,24.8580539603801,17.9443164032169,27.8128672831053
"414",Thüringen,Altenburger Land,21.8252635045883,20.8432565535335,4.49940478770522
"415",Thüringen,Eichsfeld,20.5853067061789,17.9723320844519,12.6933966009003
"416",Thüringen,Erfurt Städte,24.3718340234849,21.3305244359103,12.4787883613681
"417",Thüringen,Gera Städte,23.559721253876,17.5038206596074,25.7044662329028
"418",Thüringen,Gotha,20.7913586159238,19.0925073972259,8.17094856608745
"419",Thüringen,Greiz,22.3310289051096,17.6585589327131,20.9236663131425
"420",Thüringen,Hildburghausen,17.0641192390291,16.7208908548418,2.01140404247881
"421",Thüringen,Ilm-Kreis,20.1122355635481,18.5660565847542,7.68775292984448
"422",Thüringen,Jena Städte,20.3466780432339,17.8568981799883,12.2367880297473
"423",Thüringen,Kyffhäuserkreis,18.2665553069233,16.2510341348435,11.0339422962571
"424",Thüringen,Nordhausen,19.4746752096823,17.1785984341304,11.790064536791
"425",Thüringen,Sömmerda,22.9785476182475,19.7695727911409,13.9650898760823
"426",Thüringen,Saale-Holzland,20.9615951127838,17.9150070995314,14.5341420672436
"427",Thüringen,Saale-Orla,20.7719292537144,18.1098563301589,12.8157230416117
"428",Thüringen,Saalfeld-Rudolstadt,19.9445675822393,17.9924962855568,9.78748367761498
"429",Thüringen,Schmalkalden-Meiningen,15.8411570590475,15.5982203309835,1.53357944219903
"430",Thüringen,Sonneberg,15.4984016774971,13.636316415538,12.0146922289592
"431",Thüringen,Suhl Städte,16.7445372067965,17.1006536937895,-2.08247294734913
"432",Thüringen,Unstrut-Hainich,22.8253827378557,20.5811841933414,9.8320302896488
"433",Thüringen,Wartburgkreis,19.7946932467062,17.6498091375405,10.8356521742138
"434",Thüringen,Weimar Städte,24.2679200719614,19.7195498678419,18.7423157428913
"435",Thüringen,Weimarer Land,23.1695682151525,19.3961839922668,16.285949689895
